"ANALYTIC_VIEW_NAME","DDL"
"BKS_BROOKLYN_SALES_AV","
  CREATE OR REPLACE FORCE EDITIONABLE ANALYTIC VIEW
    ""AV_AI"".""BKS_BROOKLYN_SALES_AV""
    CLASSIFICATION ""CAPTION"" VALUE 'Brooklyn Sales'
    USING ""BROOKLYN_SALES"" AS ""BROOKLYN_SALES""
    DIMENSION BY (
      ""BKS_BLDGAREA_AD"" AS ""BKS_BLDGAREA_AD""
        KEY (""BLDGAREA"")
          REFERENCES DISTINCT (""BLDGAREA"") SPARSE MANY TO ONE RELATIONSHIP
        HIERARCHIES (""BKS_BLDGAREA_HIER"" AS ""BLDGAREA"" DEFAULT),
      ""BKS_BUILDING_CLASS_AD"" AS ""BKS_BUILDING_CLASS_AD""
        KEY (""BUILDING_CLASS"")
          REFERENCES DISTINCT (""BUILDING_CLASS"") SPARSE MANY TO ONE RELATIONSHIP
        HIERARCHIES (""BKS_BUILDING_CLASS_HIER"" AS ""BUILDING_CLASS"" DEFAULT),
      ""BKS_COUNCIL_AD"" AS ""BKS_COUNCIL_AD""
        KEY (""COUNCIL"")
          REFERENCES DISTINCT (""COUNCIL"") SPARSE MANY TO ONE RELATIONSHIP
        HIERARCHIES (""BKS_COUNCIL_HIER"" AS ""COUNCIL"" DEFAULT),
      ""BKS_HISTDIST_AD"" AS ""BKS_HISTDIST_AD""
        KEY (""HISTDIST"")
          REFERENCES DISTINCT (""HISTDIST"") SPARSE MANY TO ONE RELATIONSHIP
        HIERARCHIES (""BKS_HISTDIST_HIER"" AS ""HISTDIST"" DEFAULT),
      ""BKS_LANDMARK_AD"" AS ""BKS_LANDMARK_AD""
        KEY (""LANDMARK"")
          REFERENCES DISTINCT (""LANDMARK"") SPARSE MANY TO ONE RELATIONSHIP
        HIERARCHIES (""BKS_LANDMARK_HIER"" AS ""LANDMARK"" DEFAULT),
      ""BKS_NEIGHBORHOOD_AD"" AS ""BKS_NEIGHBORHOOD_AD""
        KEY (""NEIGHBORHOOD"")
          REFERENCES DISTINCT (""NEIGHBORHOOD"") SPARSE MANY TO ONE RELATIONSHIP
        HIERARCHIES (""BKS_NEIGHBORHOOD_HIER"" AS ""NEIGHBORHOOD"" DEFAULT),
      ""BKS_OWNERTYPE_AD"" AS ""BKS_OWNERTYPE_AD""
        KEY (""OWNERTYPE"")
          REFERENCES DISTINCT (""OWNERTYPE"") SPARSE MANY TO ONE RELATIONSHIP
        HIERARCHIES (""BKS_OWNERTYPE_HIER"" AS ""OWNERTYPE"" DEFAULT),
      ""BKS_POLICEPRCT_AD"" AS ""BKS_POLICEPRCT_AD""
        KEY (""POLICEPRCT"")
          REFERENCES DISTINCT (""POLICEPRCT"") SPARSE MANY TO ONE RELATIONSHIP
        HIERARCHIES (""BKS_POLICEPRCT_HIER"" AS ""POLICEPRCT"" DEFAULT),
      ""BKS_SALE_TIME_AD"" AS ""BKS_SALE_TIME_AD""
        KEY (""SALE_DATE"")
          REFERENCES DISTINCT (""SALE_DATE"") SPARSE MANY TO ONE RELATIONSHIP
        HIERARCHIES (""BKS_SALE_TIME_HIER"" AS ""SALE_TIME"" DEFAULT),
      ""BKS_SCHOOLDIST_AD"" AS ""BKS_SCHOOLDIST_AD""
        KEY (""SCHOOLDIST"")
          REFERENCES DISTINCT (""SCHOOLDIST"") SPARSE MANY TO ONE RELATIONSHIP
        HIERARCHIES (""BKS_SCHOOLDIST_HIER"" AS ""SCHOOLDIST"" DEFAULT),
      ""BKS_SANITATION_DISTRICT_AD"" AS ""BKS_SANITATION_DISTRICT_AD""
        KEY (""SANITSUB"")
          REFERENCES DISTINCT (""SANITSUB"") SPARSE MANY TO ONE RELATIONSHIP
        HIERARCHIES (
          ""BKS_SANITATION_DISTRICT_HIER"" AS ""SANITATION_DISTRICT"" DEFAULT),
      ""BKS_SPECIAL_DISTRICT_AD"" AS ""BKS_SPECIAL_DISTRICT_AD""
        KEY (""SPDIST1"")
          REFERENCES DISTINCT (""SPDIST1"") SPARSE MANY TO ONE RELATIONSHIP
        HIERARCHIES (""BKS_SPECIAL_DISTRICT_HIER"" AS ""SPECIAL_DISTRICT"" DEFAULT),
      ""BKS_YEARBUILT_AD"" AS ""BKS_YEARBUILT_AD""
        KEY (""YEARBUILT"")
          REFERENCES DISTINCT (""YEARBUILT"") SPARSE MANY TO ONE RELATIONSHIP
        HIERARCHIES (""BKS_YEARBUILT_HIER"" AS ""YEARBUILT"" DEFAULT),
      ""BKS_ZIPCODE_AD"" AS ""BKS_ZIPCODE_AD""
        KEY (""ZIPCODE"")
          REFERENCES DISTINCT (""ZIPCODE"") SPARSE MANY TO ONE RELATIONSHIP
        HIERARCHIES (""BKS_ZIPCODE_HIER"" AS ""ZIPCODE"" DEFAULT),
      ""BKS_ZONEMAP_AD"" AS ""BKS_ZONEMAP_AD""
        KEY (""ZONEMAP"")
          REFERENCES DISTINCT (""ZONEMAP"") SPARSE MANY TO ONE RELATIONSHIP
        HIERARCHIES (""BKS_ZONEMAP_HIER"" AS ""ZONEMAP"" DEFAULT),
      ""BKS_ZONING_DISTRICT_AD"" AS ""BKS_ZONING_DISTRICT_AD""
        KEY (""ZONEDIST1"")
          REFERENCES DISTINCT (""ZONEDIST1"") SPARSE MANY TO ONE RELATIONSHIP
        HIERARCHIES (""BKS_ZONING_DISTRICT_HIER"" AS ""ZONING_DISTRICT"" DEFAULT))
    MEASURES (
      ""GROSS_SQFT"" FACT (
        gross_sqft)
        AGGREGATE BY AVG
        CLASSIFICATION ""CAPTION"" VALUE 'Gross Sqft',
      ""LAND_SQFT"" FACT (
        land_sqft)
        AGGREGATE BY AVG
        CLASSIFICATION ""CAPTION"" VALUE 'Land Sqft',
      ""SALE_PRICE"" FACT (
        sale_price)
        AGGREGATE BY SUM
        CLASSIFICATION ""CAPTION"" VALUE 'Sale Price',
      ""NUM_SALES"" FACT (
        num_sales)
        AGGREGATE BY SUM
        CLASSIFICATION ""CAPTION"" VALUE 'Num Sales',
      ""RESIDENTIAL_UNITS"" FACT (
        residential_units)
        AGGREGATE BY SUM
        CLASSIFICATION ""CAPTION"" VALUE 'Residential Units',
      ""COMMERCIAL_UNITS"" FACT (
        commercial_units)
        AGGREGATE BY SUM
        CLASSIFICATION ""CAPTION"" VALUE 'Commercial Units',
      ""TOTAL_UNITS"" FACT (
        total_units)
        AGGREGATE BY SUM
        CLASSIFICATION ""CAPTION"" VALUE 'Total Units')
    DEFAULT MEASURE ""GROSS_SQFT""
    DEFAULT AGGREGATE BY SUM
    CACHE USING ENFORCED CONSTRAINTS"
"CAES_CALF_EMPLOYMENT_SURVEY_AV","
  CREATE OR REPLACE FORCE EDITIONABLE ANALYTIC VIEW
    ""AV_AI"".""CAES_CALF_EMPLOYMENT_SURVEY_AV""
    CLASSIFICATION ""CAPTION"" VALUE 'California Employment Survey'
    CLASSIFICATION ""DESCRIPTION"" VALUE 'California Employment Survey'
    USING ""CALF_EMPLOYMENT_SURVEY"" AS ""CALF_EMPLOYMENT_SURVEY""
    DIMENSION BY (
      ""CAES_AREA_NAME_AD"" AS ""CAES_AREA_NAME_AD""
        KEY (""AREA_NAME"")
          REFERENCES DISTINCT (""AREA_NAME"") SPARSE MANY TO ONE RELATIONSHIP
        HIERARCHIES (""CAES_AREA_NAME_HIER"" AS ""AREA_NAME"" DEFAULT),
      ""CAES_AREA_TYPE_AD"" AS ""CAES_AREA_TYPE_AD""
        KEY (""AREA_TYPE"")
          REFERENCES DISTINCT (""AREA_TYPE"") SPARSE MANY TO ONE RELATIONSHIP
        HIERARCHIES (""CAES_AREA_TYPE_HIER"" AS ""AREA_TYPE"" DEFAULT),
      ""CAES_INDUSTRY_TITLE_AD"" AS ""CAES_INDUSTRY_TITLE_AD""
        KEY (""INDUSTRY_TITLE"")
          REFERENCES DISTINCT (""INDUSTRY_TITLE"") SPARSE MANY TO ONE RELATIONSHIP
        HIERARCHIES (""CAES_INDUSTRY_TITLE_HIER"" AS ""INDUSTRY_TITLE"" DEFAULT),
      ""CAES_MONTH_OF_YEAR_AD"" AS ""CAES_MONTH_OF_YEAR_AD""
        KEY (""MONTH_OF_YEAR"")
          REFERENCES DISTINCT (""MONTH_OF_YEAR"") SPARSE MANY TO ONE RELATIONSHIP
        HIERARCHIES (""CAES_MONTH_OF_YEAR_HIER"" AS ""MONTH_OF_YEAR"" DEFAULT),
      ""CAES_SEASONALLY_ADJUSTED_AD"" AS ""CAES_SEASONALLY_ADJUSTED_AD""
        KEY (""SEASONALLY_ADJUSTED"")
          REFERENCES DISTINCT (
            ""SEASONALLY_ADJUSTED"") SPARSE MANY TO ONE RELATIONSHIP
        HIERARCHIES (
          ""CAES_SEASONALLY_ADJUSTED_HIER"" AS ""SEASONALLY_ADJUSTED"" DEFAULT),
      ""CAES_TIME_AD"" AS ""CAES_TIME_AD""
        KEY (""MONTH"")
          REFERENCES DISTINCT (""MONTH"") SPARSE MANY TO ONE RELATIONSHIP
        HIERARCHIES (""CAES_TIME_HIER"" AS ""TIME"" DEFAULT))
    MEASURES (
      ""CURRENT_EMPLOYMENT"" FACT (
        current_employment)
        AGGREGATE BY SUM
        CLASSIFICATION ""CAPTION"" VALUE 'Current Employment')
    DEFAULT MEASURE ""CURRENT_EMPLOYMENT""
    DEFAULT AGGREGATE BY SUM
    CACHE USING ENFORCED CONSTRAINTS"
"CTF_CALF_VEHICLE_FUEL_TYPES_AV","
  CREATE OR REPLACE FORCE EDITIONABLE ANALYTIC VIEW
    ""AV_AI"".""CTF_CALF_VEHICLE_FUEL_TYPES_AV""
    CLASSIFICATION ""CAPTION"" VALUE 'California Vehicle Fuel Types'
    CLASSIFICATION ""DESCRIPTION"" VALUE 'California Vehicle Fuel Types'
    USING ""CALF_VEHICLE_FUEL_TYPES"" AS ""CALF_VEHICLE_FUEL_TYPES""
    DIMENSION BY (
      ""CTF_DUTY_AD"" AS ""CTF_DUTY_AD""
        KEY (""DUTY"")
          REFERENCES DISTINCT (""DUTY"") SPARSE MANY TO ONE RELATIONSHIP
        HIERARCHIES (""CTF_DUTY_HIER"" AS ""DUTY"" DEFAULT),
      ""CTF_FUEL_AD"" AS ""CTF_FUEL_AD""
        KEY (""FUEL"")
          REFERENCES DISTINCT (""FUEL"") SPARSE MANY TO ONE RELATIONSHIP
        HIERARCHIES (""CTF_FUEL_HIER"" AS ""FUEL"" DEFAULT),
      ""CTF_MAKE_AD"" AS ""CTF_MAKE_AD""
        KEY (""MAKE"")
          REFERENCES DISTINCT (""MAKE"") SPARSE MANY TO ONE RELATIONSHIP
        HIERARCHIES (""CTF_MAKE_HIER"" AS ""MAKE"" DEFAULT),
      ""CTF_MODEL_YEAR_AD"" AS ""CTF_MODEL_YEAR_AD""
        KEY (""MODEL_YEAR"")
          REFERENCES DISTINCT (""MODEL_YEAR"") SPARSE MANY TO ONE RELATIONSHIP
        HIERARCHIES (""CTF_MODEL_YEAR_HIER"" AS ""MODEL_YEAR"" DEFAULT),
      ""CTF_YEAR_AD"" AS ""CTF_YEAR_AD""
        KEY (""YEAR"")
          REFERENCES DISTINCT (""YEAR"") SPARSE MANY TO ONE RELATIONSHIP
        HIERARCHIES (""CTF_YEAR_HIER"" AS ""YEAR"" DEFAULT),
      ""CTF_ZIP_CODE_AD"" AS ""CTF_ZIP_CODE_AD""
        KEY (""ZIP_CODE"")
          REFERENCES DISTINCT (""ZIP_CODE"") SPARSE MANY TO ONE RELATIONSHIP
        HIERARCHIES (""CTF_ZIP_CODE_HIER"" AS ""ZIP_CODE"" DEFAULT))
    MEASURES (
      ""VEHICLES"" FACT (
        vehicles)
        AGGREGATE BY SUM
        CLASSIFICATION ""CAPTION"" VALUE 'Vehicles')
    DEFAULT MEASURE ""VEHICLES""
    DEFAULT AGGREGATE BY SUM
    CACHE USING ENFORCED CONSTRAINTS"
"IT_ITALY_WEEKLY_FUEL_PRICES_AV","
  CREATE OR REPLACE FORCE EDITIONABLE ANALYTIC VIEW
    ""AV_AI"".""IT_ITALY_WEEKLY_FUEL_PRICES_AV""
    CLASSIFICATION ""CAPTION"" VALUE 'Italy Weekly Fuel Prices'
    USING ""ITALY_WEEKLY_FUEL_PRICES"" AS ""ITALY_WEEKLY_FUEL_PRICES""
    DIMENSION BY (
      ""IT_MONTH_NUM_OF_YEAR_AD"" AS ""IT_MONTH_NUM_OF_YEAR_AD""
        KEY (""MONTH_NUM_OF_YEAR"")
          REFERENCES DISTINCT (
            ""MONTH_NUM_OF_YEAR"") SPARSE MANY TO ONE RELATIONSHIP
        HIERARCHIES (""IT_MONTH_NUM_OF_YEAR_HIER"" AS ""MONTH_NUM_OF_YEAR"" DEFAULT),
      ""IT_MONTH_OF_YEAR_AD"" AS ""IT_MONTH_OF_YEAR_AD""
        KEY (""MONTH_OF_YEAR"")
          REFERENCES DISTINCT (""MONTH_OF_YEAR"") SPARSE MANY TO ONE RELATIONSHIP
        HIERARCHIES (""IT_MONTH_OF_YEAR_HIER"" AS ""MONTH_OF_YEAR"" DEFAULT),
      ""IT_PRICE_COMPONENT_AD"" AS ""IT_PRICE_COMPONENT_AD""
        KEY (""PRICE_COMPONENT"")
          REFERENCES DISTINCT (
            ""PRICE_COMPONENT"") SPARSE MANY TO ONE RELATIONSHIP
        HIERARCHIES (""IT_PRICE_COMPONENT_HIER"" AS ""PRICE_COMPONENT"" DEFAULT),
      ""IT_PRODUCT_AD"" AS ""IT_PRODUCT_AD""
        KEY (""PRODUCT_NAME"")
          REFERENCES DISTINCT (""PRODUCT_NAME"") SPARSE MANY TO ONE RELATIONSHIP
        HIERARCHIES (""IT_PRODUCT_HIER"" AS ""PRODUCT"" DEFAULT),
      ""IT_TIME_AD"" AS ""IT_TIME_AD""
        KEY (""SURVEY_DATE"")
          REFERENCES DISTINCT (""SURVEY_DATE"") SPARSE MANY TO ONE RELATIONSHIP
        HIERARCHIES (""IT_TIME_HIER"" AS ""TIME"" DEFAULT))
    MEASURES (
      ""EUROS_PER_THOUSAND"" FACT (
        euros_per_thousand)
        AGGREGATE BY AVG
        CLASSIFICATION ""CAPTION"" VALUE 'Euros Per Thousand',
      ""EUROS_PER_THOUSAND_YA"" AS (
        LAG(EUROS_PER_THOUSAND) OVER (HIERARCHY time OFFSET 1 ACROSS ANCESTOR AT LEVEL year POSITION FROM BEGINNING))
        CLASSIFICATION ""CAPTION"" VALUE 'Euros Per Thousand Year Ago',
      ""EUROS_PER_THOUSAND_CHG_YA"" AS (
        LAG_DIFF(EUROS_PER_THOUSAND) OVER (HIERARCHY time OFFSET 1 ACROSS ANCESTOR AT LEVEL year POSITION FROM BEGINNING))
        CLASSIFICATION ""CAPTION"" VALUE 'Euros Per Thousand Change Year Ago',
      ""EUROS_PER_THOUSAND_PCTCHG_YA"" AS (
        LAG_DIFF_PERCENT(EUROS_PER_THOUSAND) OVER (HIERARCHY time OFFSET 1 ACROSS ANCESTOR AT LEVEL year POSITION FROM BEGINNING))
        CLASSIFICATION ""CAPTION"" VALUE 'Euros Per Thousand Pct Change Year Ago')
    DEFAULT MEASURE ""EUROS_PER_THOUSAND""
    DEFAULT AGGREGATE BY AVG
    CACHE USING ENFORCED CONSTRAINTS"
"MA_MASS_WELL_DRILLING_AV","
  CREATE OR REPLACE FORCE EDITIONABLE ANALYTIC VIEW
    ""AV_AI"".""MA_MASS_WELL_DRILLING_AV""
    CLASSIFICATION ""CAPTION"" VALUE 'Mass Well Drilling'
    USING ""MASS_WELL_DRILLING"" AS ""MASS_WELL_DRILLING""
    DIMENSION BY (
      ""MA_MONTH_NUM_OF_YEAR_AD"" AS ""MA_MONTH_NUM_OF_YEAR_AD""
        KEY (""MONTH_NUM_OF_YEAR"")
          REFERENCES DISTINCT (
            ""MONTH_NUM_OF_YEAR"") SPARSE MANY TO ONE RELATIONSHIP
        HIERARCHIES (""MA_MONTH_NUM_OF_YEAR_HIER"" AS ""MONTH_NUM_OF_YEAR"" DEFAULT),
      ""MA_TIME_AD"" AS ""MA_TIME_AD""
        KEY (""MONTH"")
          REFERENCES DISTINCT (""MONTH"") SPARSE MANY TO ONE RELATIONSHIP
        HIERARCHIES (""MA_TIME_HIER"" AS ""TIME"" DEFAULT),
      ""MA_TOWN_AD"" AS ""MA_TOWN_AD""
        KEY (""TOWN"")
          REFERENCES DISTINCT (""TOWN"") SPARSE MANY TO ONE RELATIONSHIP
        HIERARCHIES (""MA_TOWN_HIER"" AS ""TOWN"" DEFAULT),
      ""MA_WELL_TYPE_AD"" AS ""MA_WELL_TYPE_AD""
        KEY (""WELL_TYPE"")
          REFERENCES DISTINCT (""WELL_TYPE"") SPARSE MANY TO ONE RELATIONSHIP
        HIERARCHIES (""MA_WELL_TYPE_HIER"" AS ""WELL_TYPE"" DEFAULT),
      ""MA_WORK_PERFORMED_AD"" AS ""MA_WORK_PERFORMED_AD""
        KEY (""WORK_PERFORMED"")
          REFERENCES DISTINCT (""WORK_PERFORMED"") SPARSE MANY TO ONE RELATIONSHIP
        HIERARCHIES (""MA_WORK_PERFORMED_HIER"" AS ""WORK_PERFORMED"" DEFAULT))
    MEASURES (
      ""DEPTH_TO_BEDROCK"" FACT (
        depth_to_bedrock)
        AGGREGATE BY AVG
        CLASSIFICATION ""CAPTION"" VALUE 'Depth To Bedrock',
      ""WATER_LEVEL"" FACT (
        water_level)
        AGGREGATE BY AVG
        CLASSIFICATION ""CAPTION"" VALUE 'Water Level',
      ""TOTAL_DEPTH"" FACT (
        total_depth)
        AGGREGATE BY AVG
        CLASSIFICATION ""CAPTION"" VALUE 'Total Depth',
      ""NUMBER_OF_WELLS"" FACT (
        number_of_wells)
        AGGREGATE BY SUM
        CLASSIFICATION ""CAPTION"" VALUE 'Number Of Wells')
    DEFAULT MEASURE ""DEPTH_TO_BEDROCK""
    DEFAULT AGGREGATE BY SUM
    CACHE USING ENFORCED CONSTRAINTS"
"NYC_PAY_NYC_PAYROLL_AV","
  CREATE OR REPLACE FORCE EDITIONABLE ANALYTIC VIEW
    ""AV_AI"".""NYC_PAY_NYC_PAYROLL_AV""
    CLASSIFICATION ""CAPTION"" VALUE 'Nyc Payroll'
    USING ""NYC_PAYROLL"" AS ""NYC_PAYROLL""
    DIMENSION BY (
      ""NYC_PAY_FISCAL_YEAR_AD"" AS ""NYC_PAY_FISCAL_YEAR_AD""
        KEY (""FISCAL_YEAR"")
          REFERENCES DISTINCT (""FISCAL_YEAR"") SPARSE MANY TO ONE RELATIONSHIP
        HIERARCHIES (""NYC_PAY_FISCAL_YEAR_HIER"" AS ""FISCAL_YEAR"" DEFAULT),
      ""NYC_PAY_PAYROLL_NUMBER_AD"" AS ""NYC_PAY_PAYROLL_NUMBER_AD""
        KEY (""PAYROLL_NUMBER"")
          REFERENCES DISTINCT (""PAYROLL_NUMBER"") SPARSE MANY TO ONE RELATIONSHIP
        HIERARCHIES (""NYC_PAY_PAYROLL_NUMBER_HIER"" AS ""PAYROLL_NUMBER"" DEFAULT),
      ""NYC_PAY_AGENCY_AD"" AS ""NYC_PAY_AGENCY_AD""
        KEY (""NAME_ID"")
          REFERENCES DISTINCT (""NAME_ID"") SPARSE MANY TO ONE RELATIONSHIP
        HIERARCHIES (""NYC_PAY_AGENCY_HIER"" AS ""AGENCY"" DEFAULT),
      ""NYC_PAY_JOB_TITLE_AD"" AS ""NYC_PAY_JOB_TITLE_AD""
        KEY (""JOB_TITLE"")
          REFERENCES DISTINCT (""JOB_TITLE"") SPARSE MANY TO ONE RELATIONSHIP
        HIERARCHIES (""NYC_PAY_JOB_TITLE_HIER"" AS ""JOB_TITLE"" DEFAULT),
      ""NYC_PAY_LEAVE_STATUS_AS_OF_JUNE_30_AD"" AS ""NYC_PAY_LEAVE_STATUS_AS_OF_JUNE_30_AD""
        KEY (""LEAVE_STATUS_AS_OF_JUNE_30"")
          REFERENCES DISTINCT (
            ""LEAVE_STATUS_AS_OF_JUNE_30"") SPARSE MANY TO ONE RELATIONSHIP
        HIERARCHIES (
          ""NYC_PAY_LEAVE_STATUS_AS_OF_JUNE_30_HIER"" AS ""LEAVE_STATUS_AS_OF_JUNE_30"" DEFAULT),
      ""NYC_PAY_PAY_BASIS_AD"" AS ""NYC_PAY_PAY_BASIS_AD""
        KEY (""PAY_BASIS"")
          REFERENCES DISTINCT (""PAY_BASIS"") SPARSE MANY TO ONE RELATIONSHIP
        HIERARCHIES (""NYC_PAY_PAY_BASIS_HIER"" AS ""PAY_BASIS"" DEFAULT),
      ""NYC_PAY_START_MONTH_AD"" AS ""NYC_PAY_START_MONTH_AD""
        KEY (""START_MONTH"")
          REFERENCES DISTINCT (""START_MONTH"") SPARSE MANY TO ONE RELATIONSHIP
        HIERARCHIES (""NYC_PAY_START_MONTH_HIER"" AS ""START_MONTH"" DEFAULT),
      ""NYC_PAY_START_MONTH_OF_YEAR_AD"" AS ""NYC_PAY_START_MONTH_OF_YEAR_AD""
        KEY (""START_MONTH_OF_YEAR"")
          REFERENCES DISTINCT (
            ""START_MONTH_OF_YEAR"") SPARSE MANY TO ONE RELATIONSHIP
        HIERARCHIES (
          ""NYC_PAY_START_MONTH_OF_YEAR_HIER"" AS ""START_MONTH_OF_YEAR"" DEFAULT),
      ""NYC_PAY_START_TIME_AD"" AS ""NYC_PAY_START_TIME_AD""
        KEY (""AGENCY_START_DATE"")
          REFERENCES DISTINCT (
            ""AGENCY_START_DATE"") SPARSE MANY TO ONE RELATIONSHIP
        HIERARCHIES (""NYC_PAY_START_TIME_HIER"" AS ""START_TIME"" DEFAULT),
      ""NYC_PAY_WORK_LOCATION_BOROUGH_AD"" AS ""NYC_PAY_WORK_LOCATION_BOROUGH_AD""
        KEY (""WORK_LOCATION_BOROUGH"")
          REFERENCES DISTINCT (
            ""WORK_LOCATION_BOROUGH"") SPARSE MANY TO ONE RELATIONSHIP
        HIERARCHIES (
          ""NYC_PAY_WORK_LOCATION_BOROUGH_HIER"" AS ""WORK_LOCATION_BOROUGH"" DEFAULT))
    MEASURES (
      ""AVG_HOURLY_RATE"" FACT (
        hourly_rate)
        AGGREGATE BY AVG
        CLASSIFICATION ""CAPTION"" VALUE 'Average Hourly Rate',
      ""AVG_YEARS_EMPLOYED"" FACT (
        years_employed)
        AGGREGATE BY AVG
        CLASSIFICATION ""CAPTION"" VALUE 'Average Years Employed',
      ""BASE_SALARY"" FACT (
        base_salary)
        AGGREGATE BY SUM
        CLASSIFICATION ""CAPTION"" VALUE 'Base Salary',
      ""AVG_BASE_SALARY"" FACT (
        base_salary)
        AGGREGATE BY AVG
        CLASSIFICATION ""CAPTION"" VALUE 'Avg Base Salary',
      ""TOTAL_OTHER_PAY"" FACT (
        total_other_pay)
        AGGREGATE BY SUM
        CLASSIFICATION ""CAPTION"" VALUE 'Total Other Pay',
      ""AVG_TOTAL_OTHER_PAY"" FACT (
        total_other_pay)
        AGGREGATE BY AVG
        CLASSIFICATION ""CAPTION"" VALUE 'Average Total Other Pay',
      ""TOTAL_OVERTIME_PAID"" FACT (
        total_overtime_paid)
        AGGREGATE BY SUM
        CLASSIFICATION ""CAPTION"" VALUE 'Total Overtime Paid',
      ""AVG_TOTAL_OVERTIME_PAID"" FACT (
        total_overtime_paid)
        AGGREGATE BY AVG
        CLASSIFICATION ""CAPTION"" VALUE 'Avg Total Overtime Paid',
      ""OVERTIME_HOURS"" FACT (
        overtime_hours)
        AGGREGATE BY SUM
        CLASSIFICATION ""CAPTION"" VALUE 'Overtime Hours',
      ""AVG_OVERTIME_HOURS"" FACT (
        overtime_hours)
        AGGREGATE BY AVG
        CLASSIFICATION ""CAPTION"" VALUE 'Average Overtime Hours',
      ""REGULAR_GROSS_PAID"" FACT (
        regular_gross_paid)
        AGGREGATE BY SUM
        CLASSIFICATION ""CAPTION"" VALUE 'Regular Gross Paid',
      ""AVG_REGULAR_GROSS_PAID"" FACT (
        regular_gross_paid)
        AGGREGATE BY AVG
        CLASSIFICATION ""CAPTION"" VALUE 'Avg Regular Gross Paid',
      ""REGULAR_HOURS"" FACT (
        regular_hours)
        AGGREGATE BY SUM
        CLASSIFICATION ""CAPTION"" VALUE 'Regular Hours',
      ""AVG_REGULAR_HOURS"" FACT (
        regular_hours)
        AGGREGATE BY AVG
        CLASSIFICATION ""CAPTION"" VALUE 'Average Regular Hours',
      ""NUM_EMPLOYEES"" FACT (
        name_id)
        AGGREGATE BY APPROX_COUNT_DISTINCT
        CLASSIFICATION ""CAPTION"" VALUE 'Number of Employees')
    DEFAULT MEASURE ""AVG_HOURLY_RATE""
    DEFAULT AGGREGATE BY SUM
    CACHE USING ENFORCED CONSTRAINTS"
"NYC_VFH_NYC_FOR_HIRE_VEHICLES_AV","
  CREATE OR REPLACE FORCE EDITIONABLE ANALYTIC VIEW
    ""AV_AI"".""NYC_VFH_NYC_FOR_HIRE_VEHICLES_AV""
    CLASSIFICATION ""CAPTION"" VALUE 'Nyc For Hire Vehicles'
    CLASSIFICATION ""DATA_SOURCE""
      VALUE 'https://data.cityofnewyork.us/Transportation/For-Hire-Vehicles-FHV-Active/8wbx-tsch/about_data'
    USING ""NYC_FOR_HIRE_VEHICLES"" AS ""NYC_FOR_HIRE_VEHICLES""
    DIMENSION BY (
      ""NYC_VFH_BASE_NAME_AD"" AS ""NYC_VFH_BASE_NAME_AD""
        KEY (""BASE_NAME"")
          REFERENCES DISTINCT (""BASE_NAME"") SPARSE MANY TO ONE RELATIONSHIP
        HIERARCHIES (""NYC_VFH_BASE_NAME_HIER"" AS ""BASE_NAME"" DEFAULT),
      ""NYC_VFH_BASE_NUMBER_AD"" AS ""NYC_VFH_BASE_NUMBER_AD""
        KEY (""BASE_NUMBER"")
          REFERENCES DISTINCT (""BASE_NUMBER"") SPARSE MANY TO ONE RELATIONSHIP
        HIERARCHIES (""NYC_VFH_BASE_NUMBER_HIER"" AS ""BASE_NUMBER"" DEFAULT),
      ""NYC_VFH_BASE_TYPE_AD"" AS ""NYC_VFH_BASE_TYPE_AD""
        KEY (""BASE_TYPE"")
          REFERENCES DISTINCT (""BASE_TYPE"") SPARSE MANY TO ONE RELATIONSHIP
        HIERARCHIES (""NYC_VFH_BASE_TYPE_HIER"" AS ""BASE_TYPE"" DEFAULT),
      ""NYC_VFH_TIME_AD"" AS ""NYC_VFH_TIME_AD""
        KEY (""EXPIRATION_DATE"")
          REFERENCES DISTINCT (
            ""EXPIRATION_DATE"") SPARSE MANY TO ONE RELATIONSHIP
        HIERARCHIES (""NYC_VFH_TIME_HIER"" AS ""TIME"" DEFAULT),
      ""NYC_VFH_VEH_AD"" AS ""NYC_VFH_VEH_AD""
        KEY (""VEH"") REFERENCES DISTINCT (""VEH"") SPARSE MANY TO ONE RELATIONSHIP
        HIERARCHIES (""NYC_VFH_VEH_HIER"" AS ""VEH"" DEFAULT),
      ""NYC_VFH_VEHICLE_YEAR_AD"" AS ""NYC_VFH_VEHICLE_YEAR_AD""
        KEY (""VEHICLE_YEAR"")
          REFERENCES DISTINCT (""VEHICLE_YEAR"") SPARSE MANY TO ONE RELATIONSHIP
        HIERARCHIES (""NYC_VFH_VEHICLE_YEAR_HIER"" AS ""VEHICLE_YEAR"" DEFAULT),
      ""NYC_VFH_WHEELCHAIR_ACCESSIBLE_AD"" AS ""NYC_VFH_WHEELCHAIR_ACCESSIBLE_AD""
        KEY (""WHEELCHAIR_ACCESSIBLE"")
          REFERENCES DISTINCT (
            ""WHEELCHAIR_ACCESSIBLE"") SPARSE MANY TO ONE RELATIONSHIP
        HIERARCHIES (
          ""NYC_VFH_WHEELCHAIR_ACCESSIBLE_HIER"" AS ""WHEELCHAIR_ACCESSIBLE"" DEFAULT))
    MEASURES (
      ""NUMBER_OF_VEHICLES"" FACT (
        number_of_vehicles)
        AGGREGATE BY SUM
        CLASSIFICATION ""CAPTION"" VALUE 'Number Of Vehicles',
      ""VECHICLE_AGE"" FACT (
        vechicle_age)
        AGGREGATE BY AVG
        CLASSIFICATION ""CAPTION"" VALUE 'Vechicle Age')
    DEFAULT MEASURE ""NUMBER_OF_VEHICLES""
    DEFAULT AGGREGATE BY SUM
    CACHE USING ENFORCED CONSTRAINTS"
"NYPD_SHOOT_SHOOTING_INCIDENTS_2024_AV","
  CREATE OR REPLACE FORCE EDITIONABLE ANALYTIC VIEW
    ""AV_AI"".""NYPD_SHOOT_SHOOTING_INCIDENTS_2024_AV""
    CLASSIFICATION ""CAPTION"" VALUE 'NYPD Shooting Incidents 2024'
    CLASSIFICATION ""DESCRIPTION"" VALUE 'NYPD Shooting Incidents 2024'
    USING ""NYPD_SHOOTING_INCIDENTS_2024"" AS ""NYPD_SHOOTING_INCIDENTS_2024""
    DIMENSION BY (
      ""NYPD_SHOOT_BOROUGH_AD"" AS ""NYPD_SHOOT_BOROUGH_AD""
        KEY (""BOROUGH"")
          REFERENCES DISTINCT (""BOROUGH"") SPARSE MANY TO ONE RELATIONSHIP
        HIERARCHIES (""NYPD_SHOOT_BOROUGH_HIER"" AS ""BOROUGH"" DEFAULT),
      ""NYPD_SHOOT_HOUR_OF_DAY_AD"" AS ""NYPD_SHOOT_HOUR_OF_DAY_AD""
        KEY (""HOUR_OF_DAY"")
          REFERENCES DISTINCT (""HOUR_OF_DAY"") SPARSE MANY TO ONE RELATIONSHIP
        HIERARCHIES (""NYPD_SHOOT_HOUR_OF_DAY_HIER"" AS ""HOUR_OF_DAY"" DEFAULT),
      ""NYPD_SHOOT_INSIDE_OUTSIDE_AD"" AS ""NYPD_SHOOT_INSIDE_OUTSIDE_AD""
        KEY (""INSIDE_OUTSIDE"")
          REFERENCES DISTINCT (""INSIDE_OUTSIDE"") SPARSE MANY TO ONE RELATIONSHIP
        HIERARCHIES (
          ""NYPD_SHOOT_INSIDE_OUTSIDE_HIER"" AS ""INSIDE_OUTSIDE"" DEFAULT),
      ""NYPD_SHOOT_JURISDICTION_CODE_AD"" AS ""NYPD_SHOOT_JURISDICTION_CODE_AD""
        KEY (""JURISDICTION_CODE"")
          REFERENCES DISTINCT (
            ""JURISDICTION_CODE"") SPARSE MANY TO ONE RELATIONSHIP
        HIERARCHIES (
          ""NYPD_SHOOT_JURISDICTION_CODE_HIER"" AS ""JURISDICTION_CODE"" DEFAULT),
      ""NYPD_SHOOT_LOCATION_CLASS_AD"" AS ""NYPD_SHOOT_LOCATION_CLASS_AD""
        KEY (""LOCATION_CLASS"")
          REFERENCES DISTINCT (""LOCATION_CLASS"") SPARSE MANY TO ONE RELATIONSHIP
        HIERARCHIES (
          ""NYPD_SHOOT_LOCATION_CLASS_HIER"" AS ""LOCATION_CLASS"" DEFAULT),
      ""NYPD_SHOOT_LOCATION_TYPE_AD"" AS ""NYPD_SHOOT_LOCATION_TYPE_AD""
        KEY (""LOCATION_TYPE"")
          REFERENCES DISTINCT (""LOCATION_TYPE"") SPARSE MANY TO ONE RELATIONSHIP
        HIERARCHIES (""NYPD_SHOOT_LOCATION_TYPE_HIER"" AS ""LOCATION_TYPE"" DEFAULT),
      ""NYPD_SHOOT_MONTH_OF_YEAR_AD"" AS ""NYPD_SHOOT_MONTH_OF_YEAR_AD""
        KEY (""MONTH_OF_YEAR"")
          REFERENCES DISTINCT (""MONTH_OF_YEAR"") SPARSE MANY TO ONE RELATIONSHIP
        HIERARCHIES (""NYPD_SHOOT_MONTH_OF_YEAR_HIER"" AS ""MONTH_OF_YEAR"" DEFAULT),
      ""NYPD_SHOOT_PERPETRATOR_AGE_GROUP_AD"" AS ""NYPD_SHOOT_PERPETRATOR_AGE_GROUP_AD""
        KEY (""PERPETRATOR_AGE_GROUP"")
          REFERENCES DISTINCT (
            ""PERPETRATOR_AGE_GROUP"") SPARSE MANY TO ONE RELATIONSHIP
        HIERARCHIES (
          ""NYPD_SHOOT_PERPETRATOR_AGE_GROUP_HIER"" AS ""PERPETRATOR_AGE_GROUP"" DEFAULT),
      ""NYPD_SHOOT_PERPETRATOR_RACE_AD"" AS ""NYPD_SHOOT_PERPETRATOR_RACE_AD""
        KEY (""PERPETRATOR_RACE"")
          REFERENCES DISTINCT (
            ""PERPETRATOR_RACE"") SPARSE MANY TO ONE RELATIONSHIP
        HIERARCHIES (
          ""NYPD_SHOOT_PERPETRATOR_RACE_HIER"" AS ""PERPETRATOR_RACE"" DEFAULT),
      ""NYPD_SHOOT_PERPETRATOR_SEX_AD"" AS ""NYPD_SHOOT_PERPETRATOR_SEX_AD""
        KEY (""PERPETRATOR_SEX"")
          REFERENCES DISTINCT (
            ""PERPETRATOR_SEX"") SPARSE MANY TO ONE RELATIONSHIP
        HIERARCHIES (
          ""NYPD_SHOOT_PERPETRATOR_SEX_HIER"" AS ""PERPETRATOR_SEX"" DEFAULT),
      ""NYPD_SHOOT_PRECINCT_AD"" AS ""NYPD_SHOOT_PRECINCT_AD""
        KEY (""PRECINCT"")
          REFERENCES DISTINCT (""PRECINCT"") SPARSE MANY TO ONE RELATIONSHIP
        HIERARCHIES (""NYPD_SHOOT_PRECINCT_HIER"" AS ""PRECINCT"" DEFAULT),
      ""NYPD_SHOOT_STATISTICAL_MURDER_FLAG_AD"" AS ""NYPD_SHOOT_STATISTICAL_MURDER_FLAG_AD""
        KEY (""STATISTICAL_MURDER_FLAG"")
          REFERENCES DISTINCT (
            ""STATISTICAL_MURDER_FLAG"") SPARSE MANY TO ONE RELATIONSHIP
        HIERARCHIES (
          ""NYPD_SHOOT_STATISTICAL_MURDER_FLAG_HIER"" AS ""STATISTICAL_MURDER_FLAG"" DEFAULT),
      ""NYPD_SHOOT_TIME_AD"" AS ""NYPD_SHOOT_TIME_AD""
        KEY (""OCCURANCE_DATE"")
          REFERENCES DISTINCT (""OCCURANCE_DATE"") SPARSE MANY TO ONE RELATIONSHIP
        HIERARCHIES (""NYPD_SHOOT_TIME_HIER"" AS ""TIME"" DEFAULT),
      ""NYPD_SHOOT_VICTIM_AGE_GROUP_AD"" AS ""NYPD_SHOOT_VICTIM_AGE_GROUP_AD""
        KEY (""VICTIM_AGE_GROUP"")
          REFERENCES DISTINCT (
            ""VICTIM_AGE_GROUP"") SPARSE MANY TO ONE RELATIONSHIP
        HIERARCHIES (
          ""NYPD_SHOOT_VICTIM_AGE_GROUP_HIER"" AS ""VICTIM_AGE_GROUP"" DEFAULT),
      ""NYPD_SHOOT_VICTIM_RACE_AD"" AS ""NYPD_SHOOT_VICTIM_RACE_AD""
        KEY (""VICTIM_RACE"")
          REFERENCES DISTINCT (""VICTIM_RACE"") SPARSE MANY TO ONE RELATIONSHIP
        HIERARCHIES (""NYPD_SHOOT_VICTIM_RACE_HIER"" AS ""VICTIM_RACE"" DEFAULT),
      ""NYPD_SHOOT_VICTIM_SEX_AD"" AS ""NYPD_SHOOT_VICTIM_SEX_AD""
        KEY (""VICTIM_SEX"")
          REFERENCES DISTINCT (""VICTIM_SEX"") SPARSE MANY TO ONE RELATIONSHIP
        HIERARCHIES (""NYPD_SHOOT_VICTIM_SEX_HIER"" AS ""VICTIM_SEX"" DEFAULT))
    MEASURES (
      ""INCIDENT_KEY"" FACT (
        incident_key)
        AGGREGATE BY APPROX_COUNT_DISTINCT
        CLASSIFICATION ""CAPTION"" VALUE 'Incident Key',
      ""NUMBER_OF_VICTIMS"" FACT (
        number_of_victims)
        AGGREGATE BY SUM
        CLASSIFICATION ""CAPTION"" VALUE 'Number Of Victims')
    DEFAULT MEASURE ""INCIDENT_KEY""
    DEFAULT AGGREGATE BY SUM
    CACHE USING ENFORCED CONSTRAINTS"
"NYS_SPENDING_AV","
  CREATE OR REPLACE FORCE EDITIONABLE ANALYTIC VIEW ""AV_AI"".""NYS_SPENDING_AV""
    CLASSIFICATION ""CAPTION"" VALUE 'New York State Spending'
    CLASSIFICATION ""DESCRIPTION"" VALUE 'New York State Spending'
    CLASSIFICATION ""DATA_SOURCE_URL""
      VALUE 'https://openbudget.ny.gov/spendingForm.html'
    USING ""NYS_SPENDING_T"" AS ""NYS_SPENDING_T""
    DIMENSION BY (
      ""NYS_FP_CATEGORY_AD"" AS ""NYS_FP_CATEGORY_AD""
        KEY (""FINANCIAL_PLAN_CATEGORY"")
          REFERENCES DISTINCT (
            ""FINANCIAL_PLAN_CATEGORY"") SPARSE MANY TO ONE RELATIONSHIP
        HIERARCHIES (""NYS_FP_CATEGORY_HIER"" AS ""FINANCIAL_PLAN"" DEFAULT),
      ""NYS_FUNCTION_AD"" AS ""NYS_FUNCTION_AD""
        KEY (""AGENCY"")
          REFERENCES DISTINCT (""AGENCY"") SPARSE MANY TO ONE RELATIONSHIP
        HIERARCHIES (""NYS_FUNCTION_HIER"" AS ""FUNCTION"" DEFAULT),
      ""NYS_FUND_AD"" AS ""NYS_FUND_AD""
        KEY (""SUBFUND"")
          REFERENCES DISTINCT (""SUBFUND"") SPARSE MANY TO ONE RELATIONSHIP
        HIERARCHIES (""NYS_FUND_HIER"" AS ""FUND"" DEFAULT),
      ""NYS_YEAR_AD"" AS ""NYS_YEAR_AD""
        KEY (""YEAR"")
          REFERENCES DISTINCT (""YEAR"") SPARSE MANY TO ONE RELATIONSHIP
        HIERARCHIES (""NYS_YEAR_HIER"" AS ""YEAR"" DEFAULT))
    MEASURES (
      ""CPI"" FACT (
        cpi)
        AGGREGATE BY MAX
        CLASSIFICATION ""CAPTION"" VALUE 'CPI',
      ""DOLLARS"" FACT (
        dollars * 1000)
        AGGREGATE BY SUM
        CLASSIFICATION ""CAPTION"" VALUE 'Dollars',
      ""CPI_ADJUSTED_DOLLARS"" AS (
        dollars * ((QUALIFY(cpi, year = HIER_LAST(HIER_LEVEL_MEMBERS(CURRENT MEMBER WITHIN LEVEL)))) / cpi))
        CLASSIFICATION ""CAPTION"" VALUE 'Inflation Adjusted Dollars',
      ""DOLLARS_YA"" AS (
        LAG(dollars) OVER (HIERARCHY year OFFSET 1 WITHIN LEVEL))
        CLASSIFICATION ""CAPTION"" VALUE 'Dollars Year Ago',
      ""DOLLARS_CHG_YA"" AS (
        LAG_DIFF(dollars) OVER (HIERARCHY year OFFSET 1 WITHIN LEVEL))
        CLASSIFICATION ""CAPTION"" VALUE 'Dollars Change Year Ago',
      ""DOLLARS_PCT_CHG_YA"" AS (
        LAG_DIFF_PERCENT(dollars) OVER (HIERARCHY year OFFSET 1 WITHIN LEVEL))
        CLASSIFICATION ""CAPTION"" VALUE 'Dollars % Change Year Ago',
      ""FUNCTION_SHR_PARENT"" AS (
        SHARE_OF(dollars HIERARCHY function PARENT))
        CLASSIFICATION ""CAPTION"" VALUE 'Function Percentage',
      ""FIN_PLAN_SHR_PARENT"" AS (
        SHARE_OF(dollars HIERARCHY financial_plan PARENT))
        CLASSIFICATION ""CAPTION"" VALUE 'Financial Plan Percentage',
      ""FUND_SHR_PARENT"" AS (
        SHARE_OF(dollars HIERARCHY fund PARENT))
        CLASSIFICATION ""CAPTION"" VALUE 'Fund Percentage',
      ""DOLLARS_INDEX_TO_FIRST_YEAR"" AS (
        ROUND(dollars / (QUALIFY(dollars, year = HIER_FIRST(HIER_LEVEL_MEMBERS(CURRENT MEMBER WITHIN LEVEL)))),2))
        CLASSIFICATION ""CAPTION"" VALUE 'Dollars Indexed to First Year',
      ""DOLLARS_INDEX_TO_FIRST_YEAR_CPI_ADJUSTED"" AS (
        ROUND(cpi_adjusted_dollars / (QUALIFY(cpi_adjusted_dollars, year = HIER_FIRST(HIER_LEVEL_MEMBERS(CURRENT MEMBER WITHIN LEVEL)))),2))
        CLASSIFICATION ""CAPTION""
          VALUE 'Dollars Indexed to First Year - Inflation Adjusted')
    DEFAULT MEASURE ""CPI""
    DEFAULT AGGREGATE BY SUM
    CACHE USING ENFORCED CONSTRAINTS"
"OTP_ONTIME_PERFORMANCE_AV","
  CREATE OR REPLACE FORCE EDITIONABLE ANALYTIC VIEW
    ""AV_AI"".""OTP_ONTIME_PERFORMANCE_AV""
    CLASSIFICATION ""CAPTION"" VALUE 'Ontime Performance'
    CLASSIFICATION ""DESCRIPTION""
      VALUE 'Monthly data reported by US certified air carriers that account for at least one percent of domestic scheduled passenger revenues--includes scheduled and actual arrival and departure times for flights.'
    USING ""ONTIME_PERFORMANCE"" AS ""ONTIME_PERFORMANCE""
    DIMENSION BY (
      ""OTP_ARRIVAL_DELAY_GROUP_AD"" AS ""OTP_ARRIVAL_DELAY_GROUP_AD""
        KEY (""ARRIVAL_DELAY_GROUP"")
          REFERENCES DISTINCT (
            ""ARRIVAL_DELAY_GROUP"") SPARSE MANY TO ONE RELATIONSHIP
        HIERARCHIES (
          ""OTP_ARRIVAL_DELAY_GROUP_HIER"" AS ""ARRIVAL_DELAY_GROUP"" DEFAULT),
      ""OTP_ARRIVAL_STATUS_AD"" AS ""OTP_ARRIVAL_STATUS_AD""
        KEY (""ARRIVAL_STATUS"")
          REFERENCES DISTINCT (""ARRIVAL_STATUS"") SPARSE MANY TO ONE RELATIONSHIP
        HIERARCHIES (""OTP_ARRIVAL_STATUS_HIER"" AS ""ARRIVAL_STATUS"" DEFAULT),
      ""OTP_DAY_OF_WEEK_AD"" AS ""OTP_DAY_OF_WEEK_AD""
        KEY (""DAY_OF_WEEK"")
          REFERENCES DISTINCT (""DAY_OF_WEEK"") SPARSE MANY TO ONE RELATIONSHIP
        HIERARCHIES (""OTP_DAY_OF_WEEK_HIER"" AS ""DAY_OF_WEEK"" DEFAULT),
      ""OTP_DEPARTURE_DELAY_GROUP_AD"" AS ""OTP_DEPARTURE_DELAY_GROUP_AD""
        KEY (""DEPARTURE_DELAY_GROUP"")
          REFERENCES DISTINCT (
            ""DEPARTURE_DELAY_GROUP"") SPARSE MANY TO ONE RELATIONSHIP
        HIERARCHIES (
          ""OTP_DEPARTURE_DELAY_GROUP_HIER"" AS ""DEPARTURE_DELAY_GROUP"" DEFAULT),
      ""OTP_DEPARTURE_STATUS_AD"" AS ""OTP_DEPARTURE_STATUS_AD""
        KEY (""DEPARTURE_STATUS"")
          REFERENCES DISTINCT (
            ""DEPARTURE_STATUS"") SPARSE MANY TO ONE RELATIONSHIP
        HIERARCHIES (""OTP_DEPARTURE_STATUS_HIER"" AS ""DEPARTURE_STATUS"" DEFAULT),
      ""OTP_DESTINATION_AD"" AS ""OTP_DESTINATION_AD""
        KEY (""DESTINATION_AIRPORT"")
          REFERENCES DISTINCT (
            ""DESTINATION_AIRPORT"") SPARSE MANY TO ONE RELATIONSHIP
        HIERARCHIES (""OTP_DESTINATION_HIER"" AS ""DESTINATION"" DEFAULT),
      ""OTP_DESTINATION_CITY_MARKET_AD"" AS ""OTP_DESTINATION_CITY_MARKET_AD""
        KEY (""DESTINATION_CITY_MARKET"")
          REFERENCES DISTINCT (
            ""DESTINATION_CITY_MARKET"") SPARSE MANY TO ONE RELATIONSHIP
        HIERARCHIES (
          ""OTP_DESTINATION_CITY_MARKET_HIER"" AS ""DESTINATION_CITY_MARKET"" DEFAULT),
      ""OTP_ORIGIN_AD"" AS ""OTP_ORIGIN_AD""
        KEY (""ORIGIN_AIRPORT"")
          REFERENCES DISTINCT (""ORIGIN_AIRPORT"") SPARSE MANY TO ONE RELATIONSHIP
        HIERARCHIES (""OTP_ORIGIN_HIER"" AS ""ORIGIN"" DEFAULT),
      ""OTP_ORIGIN_CITY_MARKET_AD"" AS ""OTP_ORIGIN_CITY_MARKET_AD""
        KEY (""ORIGIN_CITY_MARKET"")
          REFERENCES DISTINCT (
            ""ORIGIN_CITY_MARKET"") SPARSE MANY TO ONE RELATIONSHIP
        HIERARCHIES (
          ""OTP_ORIGIN_CITY_MARKET_HIER"" AS ""ORIGIN_CITY_MARKET"" DEFAULT),
      ""OTP_REPORTING_AIRLINE_AD"" AS ""OTP_REPORTING_AIRLINE_AD""
        KEY (""REPORTING_AIRLINE"")
          REFERENCES DISTINCT (
            ""REPORTING_AIRLINE"") SPARSE MANY TO ONE RELATIONSHIP
        HIERARCHIES (
          ""OTP_REPORTING_AIRLINE_HIER"" AS ""REPORTING_AIRLINE"" DEFAULT),
      ""OTP_SCHEDULED_ARRIVAL_HOUR_AD"" AS ""OTP_SCHEDULED_ARRIVAL_HOUR_AD""
        KEY (""SCHEDULED_ARRIVAL_HOUR"")
          REFERENCES DISTINCT (
            ""SCHEDULED_ARRIVAL_HOUR"") SPARSE MANY TO ONE RELATIONSHIP
        HIERARCHIES (
          ""OTP_SCHEDULED_ARRIVAL_HOUR_HIER"" AS ""SCHEDULED_ARRIVAL_HOUR"" DEFAULT),
      ""OTP_SCHEDULED_DEPARTURE_HOUR_AD"" AS ""OTP_SCHEDULED_DEPARTURE_HOUR_AD""
        KEY (""SCHEDULED_DEPARTURE_HOUR"")
          REFERENCES DISTINCT (
            ""SCHEDULED_DEPARTURE_HOUR"") SPARSE MANY TO ONE RELATIONSHIP
        HIERARCHIES (
          ""OTP_SCHEDULED_DEPARTURE_HOUR_HIER"" AS ""SCHEDULED_DEPARTURE_HOUR"" DEFAULT),
      ""OTP_TIME_AD"" AS ""OTP_TIME_AD""
        KEY (""FLIGHT_DATE"")
          REFERENCES DISTINCT (""FLIGHT_DATE"") SPARSE MANY TO ONE RELATIONSHIP
        HIERARCHIES (""OTP_TIME_HIER"" AS ""TIME"" DEFAULT))
    MEASURES (
      ""AVG_DELAY_MINUTES"" FACT (
        delay_minutes)
        AGGREGATE BY AVG
        CLASSIFICATION ""CAPTION"" VALUE 'Avg Delay Minutues'
        CLASSIFICATION ""DESCRIPTION""
          VALUE 'The average flight delay time in minutes.  A flight is considered delayed is the actual arrive time is 15 minutes or later than the scheduled arrival tie. Is null is the flight arrives within 14 mintues of the scheduled arrival time.'
        CLASSIFICATION ""UNITS"" VALUE 'Minutes',
      ""SUM_DELAY_HOURS"" FACT (
        ROUND((delay_minutes/ 60),0))
        AGGREGATE BY SUM
        CLASSIFICATION ""CAPTION"" VALUE 'Total Delay Hours'
        CLASSIFICATION ""DESCRIPTION""
          VALUE 'The total (sum) of flight delays time in hours.  A flight is considered delayed is the actual arrive time is 15 minutes or later than the scheduled arrival tie. Is null is the flight arrives within 14 mintues of the scheduled arrival time.'
        CLASSIFICATION ""UNITS"" VALUE 'Hours',
      ""AVG_ACTUAL_ELAPSED_TIME_MINUTES"" FACT (
        actual_elapsed_time_minutes)
        AGGREGATE BY AVG
        CLASSIFICATION ""CAPTION"" VALUE 'Avg Actual Elapsed Time Minutes'
        CLASSIFICATION ""DESCRIPTION""
          VALUE 'Average elapsed time of flight, in minutes'
        CLASSIFICATION ""UNITS"" VALUE 'Minutes',
      ""SUM_ACTUAL_ELAPSED_TIME_HOURS"" FACT (
        ROUND((actual_elapsed_time_minutes/ 60),0))
        AGGREGATE BY SUM
        CLASSIFICATION ""CAPTION"" VALUE 'Total Actual Elapsed Time Hours'
        CLASSIFICATION ""DESCRIPTION""
          VALUE 'The total (sum) of average elapsed time of flights, in hours.'
        CLASSIFICATION ""UNITS"" VALUE 'Hours',
      ""AVG_AIR_TIME_MINUTES"" FACT (
        air_time_minutes)
        AGGREGATE BY AVG
        CLASSIFICATION ""CAPTION"" VALUE 'Avg Air Time Minutes'
        CLASSIFICATION ""DESCRIPTION""
          VALUE 'The average time between wheels up (takeoff) and wheel down (landing).'
        CLASSIFICATION ""UNITS"" VALUE 'Hours',
      ""SUM_AIR_TIME_HOURS"" FACT (
        ROUND((air_time_minutes/ 60),0))
        AGGREGATE BY SUM
        CLASSIFICATION ""CAPTION"" VALUE 'Total Air Time Hours'
        CLASSIFICATION ""DESCRIPTION""
          VALUE 'The total (sum) time between wheels up (takeoff) and wheel down (landing) of all flights in hours.'
        CLASSIFICATION ""UNITS"" VALUE 'Hours',
      ""AVG_MILES_FLOWN"" FACT (
        miles_flown)
        AGGREGATE BY AVG
        CLASSIFICATION ""CAPTION"" VALUE 'Miles Flown'
        CLASSIFICATION ""DESCRIPTION""
          VALUE 'The average actual number of miles flown inroute'
        CLASSIFICATION ""UNITS"" VALUE 'Miles',
      ""SUM_MILES_FLOWN"" FACT (
        miles_flown)
        AGGREGATE BY SUM
        CLASSIFICATION ""CAPTION"" VALUE 'Total Miles Flown'
        CLASSIFICATION ""DESCRIPTION""
          VALUE 'The total (sum) of actual number of miles flown inroute'
        CLASSIFICATION ""UNITS"" VALUE 'Miles',
      ""AVG_CARRIER_DELAY_MINUTES"" FACT (
        carrier_delay_minutes)
        AGGREGATE BY AVG
        CLASSIFICATION ""CAPTION"" VALUE 'Avg Carrier Delay Minutes'
        CLASSIFICATION ""DESCRIPTION""
          VALUE 'The average carrier delay in minutes.  The cause of the cancellation or delay was due to circumstances within the airline''s control (e.g. maintenance or crew problems, aircraft cleaning, baggage loading, fueling, etc.). '
        CLASSIFICATION ""UNITS"" VALUE 'Minutes',
      ""SUM_CARRIER_DELAY_HOURS"" FACT (
        ROUND((carrier_delay_minutes/ 60),0))
        AGGREGATE BY SUM
        CLASSIFICATION ""CAPTION"" VALUE 'Total Carrier Delay Hours'
        CLASSIFICATION ""DESCRIPTION""
          VALUE 'The total (sum) carrier delays in hours.  The cause of the cancellation or delay was due to circumstances within the airline''s control (e.g. maintenance or crew problems, aircraft cleaning, baggage loading, fueling, etc.).'
        CLASSIFICATION ""UNITS"" VALUE 'Hours',
      ""AVG_WEATHER_DELAY_MINUTES"" FACT (
        weather_delay_minutes)
        AGGREGATE BY AVG
        CLASSIFICATION ""CAPTION"" VALUE 'Avg Weather Delay Minutes'
        CLASSIFICATION ""DESCRIPTION""
          VALUE 'The average weather delay in minutes.  Significant meteorological conditions (actual or forecasted) that, in the judgment of the carrier, delays or prevents the operation of a flight such as tornado, blizzard or hurricane.'
        CLASSIFICATION ""UNITS"" VALUE 'Minutes',
      ""SUM_WEATHER_DELAY_HOURS"" FACT (
        ROUND((weather_delay_minutes/ 60),0))
        AGGREGATE BY SUM
        CLASSIFICATION ""CAPTION"" VALUE 'Total Weather Delay Hours'
        CLASSIFICATION ""DESCRIPTION""
          VALUE 'The total (sum) weather delays in hours.  Significant meteorological conditions (actual or forecasted) that, in the judgment of the carrier, delays or prevents the operation of a flight such as tornado, blizzard or hurricane.'
        CLASSIFICATION ""UNITS"" VALUE 'Hours',
      ""NATIONAL_AIR_SYSTEM_DELAY_MINUTES"" FACT (
        national_air_system_delay_minutes)
        AGGREGATE BY AVG
        CLASSIFICATION ""CAPTION"" VALUE 'Avg National Air System Delay Minutes'
        CLASSIFICATION ""DESCRIPTION""
          VALUE 'The average National Air System Delay in minutes.  Delays and cancellations attributable to the national aviation system that refer to a broad set of conditions, such as non-extreme weather conditions, airport operations, heavy traffic volume, and air traffic control.'
        CLASSIFICATION ""UNITS"" VALUE 'Minutes',
      ""NATIONAL_AIR_SYSTEM_DELAY_HOURS"" FACT (
        ROUND((national_air_system_delay_minutes/ 60),0))
        AGGREGATE BY SUM
        CLASSIFICATION ""CAPTION"" VALUE 'Total National Air System Delay Hours'
        CLASSIFICATION ""DESCRIPTION""
          VALUE 'The total (sum) National Air System Delays in mours.  Delays and cancellations attributable to the national aviation system that refer to a broad set of conditions, such as non-extreme weather conditions, airport operations, heavy traffic volume, and air traffic control.'
        CLASSIFICATION ""UNITS"" VALUE 'Hours',
      ""AVG_SECURITY_DELAY_MINUTES"" FACT (
        security_delay_minutes)
        AGGREGATE BY AVG
        CLASSIFICATION ""CAPTION"" VALUE 'Avg Security Delay Minutes'
        CLASSIFICATION ""DESCRIPTION""
          VALUE 'The average Security Delay in minutes.   Delays or cancellations caused by evacuation of a terminal or concourse, re-boarding of aircraft because of security breach, inoperative screening equipment and/or long lines in excess of 29 minutes at screening areas.'
        CLASSIFICATION ""UNITS"" VALUE 'Minutes',
      ""SUM_SECURITY_DELAY_HOURS"" FACT (
        ROUND((security_delay_minutes/ 60),0))
        AGGREGATE BY SUM
        CLASSIFICATION ""CAPTION"" VALUE 'Total Security Delay Minutes'
        CLASSIFICATION ""DESCRIPTION""
          VALUE 'The total (sum) Security Delays in hours.   Delays or cancellations caused by evacuation of a terminal or concourse, re-boarding of aircraft because of security breach, inoperative screening equipment and/or long lines in excess of 29 minutes at screening areas.'
        CLASSIFICATION ""UNITS"" VALUE 'Hours',
      ""AVG_LATE_AIRCRAFT_DELAY_MINUTES"" FACT (
        late_aircraft_delay_minutes)
        AGGREGATE BY AVG
        CLASSIFICATION ""CAPTION"" VALUE 'Avg Late Aircraft Delay Minutes'
        CLASSIFICATION ""DESCRIPTION""
          VALUE 'The average late aircraft delays in minutes,  A previous flight with same aircraft arrived late, causing the present flight to depart late.'
        CLASSIFICATION ""UNITS"" VALUE 'Minutes',
      ""SUM_LATE_AIRCRAFT_DELAY_HOURS"" FACT (
        ROUND((late_aircraft_delay_minutes/ 60),0))
        AGGREGATE BY SUM
        CLASSIFICATION ""CAPTION"" VALUE 'Total Late Aircraft Delay Hours'
        CLASSIFICATION ""DESCRIPTION""
          VALUE 'The totql (sum) of late aircraft delays in hours,  A previous flight with same aircraft arrived late, causing the present flight to depart late.'
        CLASSIFICATION ""UNITS"" VALUE 'Hours',
      ""DAY_NUM_OF_WEEK"" FACT (
        day_num_of_week)
        AGGREGATE BY SUM
        CLASSIFICATION ""CAPTION"" VALUE 'Day number of week.'
        CLASSIFICATION ""DESCRIPTION""
          VALUE 'Day number of week.   This attribute is presented as a measure to support data visualiations such as scatter plots.',
      ""NUMBER_OF_FLIGHTS"" FACT (
        number_of_flights)
        AGGREGATE BY SUM
        CLASSIFICATION ""CAPTION"" VALUE 'Number Of Flights')
    DEFAULT MEASURE ""NUMBER_OF_FLIGHTS""
    DEFAULT AGGREGATE BY SUM
    CACHE USING ENFORCED CONSTRAINTS"
"SAHIE_SMALL_AREA_HEALTH_INSURANCE_ESTIMATES_AV","
  CREATE OR REPLACE FORCE EDITIONABLE ANALYTIC VIEW
    ""AV_AI"".""SAHIE_SMALL_AREA_HEALTH_INSURANCE_ESTIMATES_AV""
    CLASSIFICATION ""CAPTION"" VALUE 'Small Area Health Insurance Estimates'
    USING
      ""SMALL_AREA_HEALTH_INSURANCE_ESTIMATES"" AS ""SMALL_AREA_HEALTH_INSURANCE_ESTIMATES""
    DIMENSION BY (
      ""SAHIE_AGE_BAND_AD"" AS ""SAHIE_AGE_BAND_AD""
        KEY (""AGE_BAND"")
          REFERENCES DISTINCT (""AGE_BAND"") SPARSE MANY TO ONE RELATIONSHIP
        HIERARCHIES (""SAHIE_AGE_BAND_HIER"" AS ""AGE_BAND"" DEFAULT),
      ""SAHIE_GENDER_AD"" AS ""SAHIE_GENDER_AD""
        KEY (""GENDER"")
          REFERENCES DISTINCT (""GENDER"") SPARSE MANY TO ONE RELATIONSHIP
        HIERARCHIES (""SAHIE_GENDER_HIER"" AS ""GENDER"" DEFAULT),
      ""SAHIE_GEOGRAPHY_AD"" AS ""SAHIE_GEOGRAPHY_AD""
        KEY (""COUNTY_NAME"")
          REFERENCES DISTINCT (""COUNTY"") SPARSE MANY TO ONE RELATIONSHIP
        HIERARCHIES (""SAHIE_GEOGRAPHY_HIER"" AS ""GEOGRAPHY"" DEFAULT),
      ""SAHIE_INCOME_BAND_AD"" AS ""SAHIE_INCOME_BAND_AD""
        KEY (""INCOME_BAND"")
          REFERENCES DISTINCT (""INCOME_BAND"") SPARSE MANY TO ONE RELATIONSHIP
        HIERARCHIES (""SAHIE_INCOME_BAND_HIER"" AS ""INCOME_BAND"" DEFAULT),
      ""SAHIE_YEAR_AD"" AS ""SAHIE_YEAR_AD""
        KEY (""YEAR"")
          REFERENCES DISTINCT (""YEAR"") SPARSE MANY TO ONE RELATIONSHIP
        HIERARCHIES (""SAHIE_YEAR_HIER"" AS ""YEAR"" DEFAULT))
    MEASURES (
      ""NUMBER_OF_UNINSURED"" FACT (
        number_of_uninsured)
        AGGREGATE BY SUM
        CLASSIFICATION ""CAPTION"" VALUE 'Number Of Uninsured',
      ""NUMBER_OF_INSURED"" FACT (
        number_of_insured)
        AGGREGATE BY SUM
        CLASSIFICATION ""CAPTION"" VALUE 'Number Of Insured',
      ""POPULATION"" FACT (
        population)
        AGGREGATE BY SUM
        CLASSIFICATION ""CAPTION"" VALUE 'Population',
      ""PERCENT_INSURED"" AS (
        ROUND( (number_of_insured / population),1))
        CLASSIFICATION ""CAPTION"" VALUE 'Percent Insured')
    DEFAULT MEASURE ""NUMBER_OF_UNINSURED""
    DEFAULT AGGREGATE BY SUM
    CACHE USING ENFORCED CONSTRAINTS"
"UDSA_COUNTY_POPULATION_AV","
  CREATE OR REPLACE FORCE EDITIONABLE ANALYTIC VIEW
    ""AV_AI"".""UDSA_COUNTY_POPULATION_AV""
    CLASSIFICATION ""CAPTION"" VALUE 'USDA U.S. County Population'
    CLASSIFICATION ""DESCRIPTION"" VALUE 'USDA U.S. County Population'
    USING ""USDA_COUNTY_POPULATION"" AS ""USDA_COUNTY_POPULATION""
    DIMENSION BY (
      ""UDSA_YEAR_AD"" AS ""UDSA_YEAR_AD""
        KEY (""YEAR"")
          REFERENCES DISTINCT (""YEAR"") SPARSE MANY TO ONE RELATIONSHIP
        HIERARCHIES (""UDSA_YEAR"" AS ""YEAR"" DEFAULT),
      ""UDSA_COUNTIES_AD"" AS ""UDSA_COUNTIES_AD""
        KEY (""COUNTY_FIPS"")
          REFERENCES DISTINCT (""COUNTY_FIPS"") SPARSE MANY TO ONE RELATIONSHIP
        HIERARCHIES (""UDSA_COUNTIES"" AS ""COUNTIES"" DEFAULT),
      ""UDSA_AGE_AD"" AS ""UDSA_AGE_AD""
        KEY (""AGE_CODE"")
          REFERENCES DISTINCT (""AGE_CODE"") SPARSE MANY TO ONE RELATIONSHIP
        HIERARCHIES (""UDSA_AGE"" AS ""AGE"" DEFAULT),
      ""UDSA_SEX_AD"" AS ""UDSA_SEX_AD""
        KEY (""SEX_CODE"")
          REFERENCES DISTINCT (""SEX_CODE"") SPARSE MANY TO ONE RELATIONSHIP
        HIERARCHIES (""UDSA_SEX"" AS ""SEX"" DEFAULT),
      ""UDSA_RACE_AD"" AS ""UDSA_RACE_AD""
        KEY (""RACE_CODE"")
          REFERENCES DISTINCT (""RACE_CODE"") SPARSE MANY TO ONE RELATIONSHIP
        HIERARCHIES (""UDSA_RACE"" AS ""RACE"" DEFAULT))
    MEASURES (
      ""POP_SHARE_SEX"" AS (
        SHARE_OF(population HIERARCHY sex MEMBER ALL))
        CLASSIFICATION ""CAPTION"" VALUE 'Population Share of Sex'
        CLASSIFICATION ""DESCRIPTION"" VALUE 'Population Share of Sex',
      ""POP_SHARE_GEOG"" AS (
        SHARE_OF(population HIERARCHY counties MEMBER ALL))
        CLASSIFICATION ""CAPTION"" VALUE 'Population Share of Geography'
        CLASSIFICATION ""DESCRIPTION"" VALUE 'Population share of state or total',
      ""POP_CHG_YA"" AS (
        LAG_DIFF(POPULATION) OVER (HIERARCHY year OFFSET 1))
        CLASSIFICATION ""CAPTION"" VALUE 'Population Change Year Ago'
        CLASSIFICATION ""DESCRIPTION"" VALUE 'Population Change Year Ago',
      ""POP_SHARE_AGE"" AS (
        SHARE_OF(population HIERARCHY age MEMBER ALL))
        CLASSIFICATION ""CAPTION"" VALUE 'Population Share of Age'
        CLASSIFICATION ""DESCRIPTION"" VALUE 'Population Share of Age',
      ""POP_SHARE_RACE"" AS (
        SHARE_OF(population HIERARCHY race MEMBER ALL))
        CLASSIFICATION ""CAPTION"" VALUE 'Population Share of Race'
        CLASSIFICATION ""DESCRIPTION"" VALUE 'Population Share of Race8',
      ""POPULATION"" FACT (
        POPULATION)
        AGGREGATE BY SUM
        CLASSIFICATION ""CAPTION"" VALUE 'Population'
        CLASSIFICATION ""DESCRIPTION"" VALUE 'Population',
      ""POP_PCT_CHG_YA"" AS (
        LAG(POPULATION) OVER (HIERARCHY year OFFSET 1))
        CLASSIFICATION ""CAPTION"" VALUE 'Population % Change Year Ago'
        CLASSIFICATION ""DESCRIPTION"" VALUE 'Population Percent Change Year Ago')
    DEFAULT MEASURE ""POP_SHARE_SEX""
    DEFAULT AGGREGATE BY SUM
    CACHE USING ENFORCED CONSTRAINTS"
