"DIMENSION_NAME","DDL"
"BKS_BLDGAREA_AD","
  CREATE OR REPLACE FORCE EDITIONABLE ATTRIBUTE DIMENSION
    ""AV_AI"".""BKS_BLDGAREA_AD""
    DIMENSION TYPE STANDARD
    USING ""BROOKLYN_SALES"" AS ""BROOKLYN_SALES""
    ATTRIBUTES (
      ""BROOKLYN_SALES"".""BLDGAREA"" AS ""BLDGAREA""
        CLASSIFICATION ""CAPTION"" VALUE 'Building Area')
    LEVEL ""BLDGAREA""
      LEVEL TYPE STANDARD
      CLASSIFICATION ""CAPTION"" VALUE 'Building Area'
      KEY (""BLDGAREA"")
      MEMBER NAME TO_CHAR(""BLDGAREA"")
      MEMBER CAPTION (bldgarea)
      MEMBER DESCRIPTION (bldgarea)
      ORDER BY MIN ""BLDGAREA"" ASC NULLS LAST
    ALL
      MEMBER NAME 'ALL'
      MEMBER CAPTION 'Total'
      MEMBER DESCRIPTION 'Total'
    CACHE STAR USING ENFORCED CONSTRAINTS
      NONE"
"BKS_BUILDING_CLASS_AD","
  CREATE OR REPLACE FORCE EDITIONABLE ATTRIBUTE DIMENSION
    ""AV_AI"".""BKS_BUILDING_CLASS_AD""
    DIMENSION TYPE STANDARD
    USING ""BROOKLYN_SALES"" AS ""BROOKLYN_SALES""
    ATTRIBUTES (
      ""BROOKLYN_SALES"".""BUILDING_CLASS_CATEGORY"" AS ""BUILDING_CLASS_CATEGORY""
        CLASSIFICATION ""CAPTION"" VALUE 'Building Class Category',
      ""BROOKLYN_SALES"".""BUILDING_CLASS"" AS ""BUILDING_CLASS""
        CLASSIFICATION ""CAPTION"" VALUE 'Building Class')
    LEVEL ""BUILDING_CLASS_CATEGORY""
      LEVEL TYPE STANDARD
      CLASSIFICATION ""CAPTION"" VALUE 'Building Class Category'
      KEY (""BUILDING_CLASS_CATEGORY"")
      MEMBER NAME TO_CHAR(""BUILDING_CLASS_CATEGORY"")
      MEMBER CAPTION (building_class_category)
      MEMBER DESCRIPTION (building_class_category)
      ORDER BY MIN ""BUILDING_CLASS_CATEGORY"" ASC NULLS LAST
    LEVEL ""BUILDING_CLASS""
      LEVEL TYPE STANDARD
      CLASSIFICATION ""CAPTION"" VALUE 'Building Class'
      KEY (""BUILDING_CLASS"")
      MEMBER NAME TO_CHAR(""BUILDING_CLASS"")
      MEMBER CAPTION (building_class)
      MEMBER DESCRIPTION (building_class)
      ORDER BY MIN ""BUILDING_CLASS"" ASC NULLS LAST
      DETERMINES (""BUILDING_CLASS_CATEGORY"")
    ALL
      MEMBER NAME 'ALL'
      MEMBER CAPTION 'Total'
      MEMBER DESCRIPTION 'Total'
    CACHE STAR USING ENFORCED CONSTRAINTS
      NONE"
"BKS_COUNCIL_AD","
  CREATE OR REPLACE FORCE EDITIONABLE ATTRIBUTE DIMENSION
    ""AV_AI"".""BKS_COUNCIL_AD""
    DIMENSION TYPE STANDARD
    USING ""BROOKLYN_SALES"" AS ""BROOKLYN_SALES""
    ATTRIBUTES (
      ""BROOKLYN_SALES"".""COUNCIL"" AS ""COUNCIL""
        CLASSIFICATION ""CAPTION"" VALUE 'Council')
    LEVEL ""COUNCIL""
      LEVEL TYPE STANDARD
      CLASSIFICATION ""CAPTION"" VALUE 'Council'
      KEY (""COUNCIL"")
      MEMBER NAME TO_CHAR(""COUNCIL"")
      MEMBER CAPTION (council)
      MEMBER DESCRIPTION (council)
      ORDER BY MIN ""COUNCIL"" ASC NULLS LAST
    ALL
      MEMBER NAME 'ALL'
      MEMBER CAPTION 'Total'
      MEMBER DESCRIPTION 'Total'
    CACHE STAR USING ENFORCED CONSTRAINTS
      NONE"
"BKS_HISTDIST_AD","
  CREATE OR REPLACE FORCE EDITIONABLE ATTRIBUTE DIMENSION
    ""AV_AI"".""BKS_HISTDIST_AD""
    DIMENSION TYPE STANDARD
    USING ""BROOKLYN_SALES"" AS ""BROOKLYN_SALES""
    ATTRIBUTES (
      ""BROOKLYN_SALES"".""HISTDIST"" AS ""HISTDIST""
        CLASSIFICATION ""CAPTION"" VALUE 'Historic District')
    LEVEL ""HISTDIST""
      LEVEL TYPE STANDARD
      CLASSIFICATION ""CAPTION"" VALUE 'Historic District'
      KEY (""HISTDIST"")
      MEMBER NAME TO_CHAR(""HISTDIST"")
      MEMBER CAPTION (histdist)
      MEMBER DESCRIPTION (histdist)
      ORDER BY MIN ""HISTDIST"" ASC NULLS LAST
    ALL
      MEMBER NAME 'ALL'
      MEMBER CAPTION 'Total'
      MEMBER DESCRIPTION 'Total'
    CACHE STAR USING ENFORCED CONSTRAINTS
      NONE"
"BKS_LANDMARK_AD","
  CREATE OR REPLACE FORCE EDITIONABLE ATTRIBUTE DIMENSION
    ""AV_AI"".""BKS_LANDMARK_AD""
    DIMENSION TYPE STANDARD
    USING ""BROOKLYN_SALES"" AS ""BROOKLYN_SALES""
    ATTRIBUTES (
      ""BROOKLYN_SALES"".""LANDMARK"" AS ""LANDMARK""
        CLASSIFICATION ""CAPTION"" VALUE 'Landmark')
    LEVEL ""LANDMARK""
      LEVEL TYPE STANDARD
      CLASSIFICATION ""CAPTION"" VALUE 'Landmark'
      KEY (""LANDMARK"")
      MEMBER NAME TO_CHAR(""LANDMARK"")
      MEMBER CAPTION (landmark)
      MEMBER DESCRIPTION (landmark)
      ORDER BY MIN ""LANDMARK"" ASC NULLS LAST
    ALL
      MEMBER NAME 'ALL'
      MEMBER CAPTION 'Total'
      MEMBER DESCRIPTION 'Total'
    CACHE STAR USING ENFORCED CONSTRAINTS
      NONE"
"BKS_NEIGHBORHOOD_AD","
  CREATE OR REPLACE FORCE EDITIONABLE ATTRIBUTE DIMENSION
    ""AV_AI"".""BKS_NEIGHBORHOOD_AD""
    DIMENSION TYPE STANDARD
    USING ""BROOKLYN_SALES"" AS ""BROOKLYN_SALES""
    ATTRIBUTES (
      ""BROOKLYN_SALES"".""NEIGHBORHOOD"" AS ""NEIGHBORHOOD""
        CLASSIFICATION ""CAPTION"" VALUE 'Neighborhood')
    LEVEL ""NEIGHBORHOOD""
      LEVEL TYPE STANDARD
      CLASSIFICATION ""CAPTION"" VALUE 'Neighborhood'
      KEY (""NEIGHBORHOOD"")
      MEMBER NAME TO_CHAR(""NEIGHBORHOOD"")
      MEMBER CAPTION (neighborhood)
      MEMBER DESCRIPTION (neighborhood)
      ORDER BY MIN ""NEIGHBORHOOD"" ASC NULLS LAST
    ALL
      MEMBER NAME 'ALL'
      MEMBER CAPTION 'Total'
      MEMBER DESCRIPTION 'Total'
    CACHE STAR USING ENFORCED CONSTRAINTS
      NONE"
"BKS_OWNERTYPE_AD","
  CREATE OR REPLACE FORCE EDITIONABLE ATTRIBUTE DIMENSION
    ""AV_AI"".""BKS_OWNERTYPE_AD""
    DIMENSION TYPE STANDARD
    USING ""BROOKLYN_SALES"" AS ""BROOKLYN_SALES""
    ATTRIBUTES (
      ""BROOKLYN_SALES"".""OWNERTYPE"" AS ""OWNERTYPE""
        CLASSIFICATION ""CAPTION"" VALUE 'Owner Type')
    LEVEL ""OWNERTYPE""
      LEVEL TYPE STANDARD
      CLASSIFICATION ""CAPTION"" VALUE 'Owner Type'
      KEY (""OWNERTYPE"")
      MEMBER NAME TO_CHAR(""OWNERTYPE"")
      MEMBER CAPTION (ownertype)
      MEMBER DESCRIPTION (ownertype)
      ORDER BY MIN ""OWNERTYPE"" ASC NULLS LAST
    ALL
      MEMBER NAME 'ALL'
      MEMBER CAPTION 'Total'
      MEMBER DESCRIPTION 'Total'
    CACHE STAR USING ENFORCED CONSTRAINTS
      NONE"
"BKS_POLICEPRCT_AD","
  CREATE OR REPLACE FORCE EDITIONABLE ATTRIBUTE DIMENSION
    ""AV_AI"".""BKS_POLICEPRCT_AD""
    DIMENSION TYPE STANDARD
    USING ""BROOKLYN_SALES"" AS ""BROOKLYN_SALES""
    ATTRIBUTES (
      ""BROOKLYN_SALES"".""POLICEPRCT"" AS ""POLICEPRCT""
        CLASSIFICATION ""CAPTION"" VALUE 'Police Precinct')
    LEVEL ""POLICEPRCT""
      LEVEL TYPE STANDARD
      CLASSIFICATION ""CAPTION"" VALUE 'Police Precinct'
      KEY (""POLICEPRCT"")
      MEMBER NAME TO_CHAR(""POLICEPRCT"")
      MEMBER CAPTION (policeprct)
      MEMBER DESCRIPTION (policeprct)
      ORDER BY MIN ""POLICEPRCT"" ASC NULLS LAST
    ALL
      MEMBER NAME 'ALL'
      MEMBER CAPTION 'Total'
      MEMBER DESCRIPTION 'Total'
    CACHE STAR USING ENFORCED CONSTRAINTS
      NONE"
"BKS_SALE_TIME_AD","
  CREATE OR REPLACE FORCE EDITIONABLE ATTRIBUTE DIMENSION
    ""AV_AI"".""BKS_SALE_TIME_AD""
    DIMENSION TYPE STANDARD
    USING ""BROOKLYN_SALES"" AS ""BROOKLYN_SALES""
    ATTRIBUTES (
      ""BROOKLYN_SALES"".""SALE_YEAR"" AS ""SALE_YEAR""
        CLASSIFICATION ""CAPTION"" VALUE 'Year',
      ""BROOKLYN_SALES"".""SALE_MONTH"" AS ""SALE_MONTH""
        CLASSIFICATION ""CAPTION"" VALUE 'Month',
      ""BROOKLYN_SALES"".""SALE_DATE"" AS ""SALE_DATE""
        CLASSIFICATION ""CAPTION"" VALUE 'Sale Date')
    LEVEL ""SALE_YEAR""
      LEVEL TYPE STANDARD
      CLASSIFICATION ""CAPTION"" VALUE 'Year'
      KEY (""SALE_YEAR"")
      MEMBER NAME TO_CHAR(""SALE_YEAR"")
      MEMBER CAPTION (TO_CHAR(sale_year))
      MEMBER DESCRIPTION (TO_CHAR(sale_year))
      ORDER BY MIN ""SALE_YEAR"" ASC NULLS LAST
    LEVEL ""SALE_MONTH""
      LEVEL TYPE STANDARD
      CLASSIFICATION ""CAPTION"" VALUE 'Month'
      KEY (""SALE_MONTH"")
      MEMBER NAME TO_CHAR(""SALE_MONTH"")
      MEMBER CAPTION (sale_month)
      MEMBER DESCRIPTION (sale_month)
      ORDER BY MIN ""SALE_MONTH"" ASC NULLS LAST
      DETERMINES (""SALE_YEAR"")
    LEVEL ""SALE_DATE""
      LEVEL TYPE STANDARD
      CLASSIFICATION ""CAPTION"" VALUE 'Sale Date'
      KEY (""SALE_DATE"")
      MEMBER NAME TO_CHAR(""SALE_DATE"")
      MEMBER CAPTION (TO_CHAR(sale_date))
      MEMBER DESCRIPTION (TO_CHAR(sale_date))
      ORDER BY MIN ""SALE_DATE"" ASC NULLS LAST
      DETERMINES (""SALE_MONTH"")
    ALL
      MEMBER NAME 'ALL'
      MEMBER CAPTION 'Total'
      MEMBER DESCRIPTION 'Total'
    CACHE STAR USING ENFORCED CONSTRAINTS
      NONE"
"BKS_SANITATION_DISTRICT_AD","
  CREATE OR REPLACE FORCE EDITIONABLE ATTRIBUTE DIMENSION
    ""AV_AI"".""BKS_SANITATION_DISTRICT_AD""
    DIMENSION TYPE STANDARD
    USING ""BROOKLYN_SALES"" AS ""BROOKLYN_SALES""
    ATTRIBUTES (
      ""BROOKLYN_SALES"".""SANITBORO"" AS ""SANITBORO""
        CLASSIFICATION ""CAPTION"" VALUE 'Sanitation Burough',
      ""BROOKLYN_SALES"".""SANITDISTR"" AS ""SANITDISTR""
        CLASSIFICATION ""CAPTION"" VALUE 'Sanitation District',
      ""BROOKLYN_SALES"".""SANITSUB"" AS ""SANITSUB""
        CLASSIFICATION ""CAPTION"" VALUE 'Sanitation Subdistrict')
    LEVEL ""SANITBORO""
      LEVEL TYPE STANDARD
      CLASSIFICATION ""CAPTION"" VALUE 'Sanitation Burough'
      KEY (""SANITBORO"")
      MEMBER NAME TO_CHAR(""SANITBORO"")
      MEMBER CAPTION (sanitboro)
      MEMBER DESCRIPTION (sanitboro)
      ORDER BY MIN ""SANITBORO"" ASC NULLS LAST
    LEVEL ""SANITDISTR""
      LEVEL TYPE STANDARD
      CLASSIFICATION ""CAPTION"" VALUE 'Sanitation District'
      KEY (""SANITDISTR"")
      MEMBER NAME TO_CHAR(""SANITDISTR"")
      MEMBER CAPTION (sanitdistr)
      MEMBER DESCRIPTION (sanitdistr)
      ORDER BY MIN ""SANITDISTR"" ASC NULLS LAST
      DETERMINES (""SANITBORO"")
    LEVEL ""SANITSUB""
      LEVEL TYPE STANDARD
      CLASSIFICATION ""CAPTION"" VALUE 'Sanitiation Subdistrict'
      KEY (""SANITSUB"")
      MEMBER NAME TO_CHAR(""SANITSUB"")
      MEMBER CAPTION (sanitsub)
      MEMBER DESCRIPTION (sanitsub)
      ORDER BY MIN ""SANITSUB"" ASC NULLS LAST
      DETERMINES (""SANITDISTR"")
    ALL
      MEMBER NAME 'ALL'
      MEMBER CAPTION 'Total'
      MEMBER DESCRIPTION 'Total'
    CACHE STAR USING ENFORCED CONSTRAINTS
      NONE"
"BKS_SCHOOLDIST_AD","
  CREATE OR REPLACE FORCE EDITIONABLE ATTRIBUTE DIMENSION
    ""AV_AI"".""BKS_SCHOOLDIST_AD""
    DIMENSION TYPE STANDARD
    USING ""BROOKLYN_SALES"" AS ""BROOKLYN_SALES""
    ATTRIBUTES (
      ""BROOKLYN_SALES"".""SCHOOLDIST"" AS ""SCHOOLDIST""
        CLASSIFICATION ""CAPTION"" VALUE 'Schooldist')
    LEVEL ""SCHOOLDIST""
      LEVEL TYPE STANDARD
      CLASSIFICATION ""CAPTION"" VALUE 'Schooldist'
      KEY (""SCHOOLDIST"")
      MEMBER NAME TO_CHAR(""SCHOOLDIST"")
      MEMBER CAPTION (schooldist)
      MEMBER DESCRIPTION (schooldist)
      ORDER BY MIN ""SCHOOLDIST"" ASC NULLS LAST
    ALL
      MEMBER NAME 'ALL'
      MEMBER CAPTION 'Total'
      MEMBER DESCRIPTION 'Total'
    CACHE STAR USING ENFORCED CONSTRAINTS
      NONE"
"BKS_SPECIAL_DISTRICT_AD","
  CREATE OR REPLACE FORCE EDITIONABLE ATTRIBUTE DIMENSION
    ""AV_AI"".""BKS_SPECIAL_DISTRICT_AD""
    DIMENSION TYPE STANDARD
    USING ""BROOKLYN_SALES"" AS ""BROOKLYN_SALES""
    ATTRIBUTES (
      ""BROOKLYN_SALES"".""SPDIST3"" AS ""SPDIST3""
        CLASSIFICATION ""CAPTION"" VALUE 'Special District 3',
      ""BROOKLYN_SALES"".""SPDIST2"" AS ""SPDIST2""
        CLASSIFICATION ""CAPTION"" VALUE 'Special District 2',
      ""BROOKLYN_SALES"".""SPDIST1"" AS ""SPDIST1""
        CLASSIFICATION ""CAPTION"" VALUE 'Special District 1')
    LEVEL ""SPDIST3""
      LEVEL TYPE STANDARD
      CLASSIFICATION ""CAPTION"" VALUE 'Special District 3'
      KEY (""SPDIST3"")
      MEMBER NAME TO_CHAR(""SPDIST3"")
      MEMBER CAPTION (spdist3)
      MEMBER DESCRIPTION (spdist3)
      ORDER BY MIN ""SPDIST3"" ASC NULLS LAST
    LEVEL ""SPDIST2""
      LEVEL TYPE STANDARD
      CLASSIFICATION ""CAPTION"" VALUE 'Special District 2'
      KEY (""SPDIST2"")
      MEMBER NAME TO_CHAR(""SPDIST2"")
      MEMBER CAPTION (spdist2)
      MEMBER DESCRIPTION (spdist2)
      ORDER BY MIN ""SPDIST2"" ASC NULLS LAST
      DETERMINES (""SPDIST3"")
    LEVEL ""SPDIST1""
      LEVEL TYPE STANDARD
      CLASSIFICATION ""CAPTION"" VALUE 'Special District 1'
      KEY (""SPDIST1"")
      MEMBER NAME TO_CHAR(""SPDIST1"")
      MEMBER CAPTION (spdist1)
      MEMBER DESCRIPTION (spdist1)
      ORDER BY MIN ""SPDIST1"" ASC NULLS LAST
      DETERMINES (""SPDIST2"")
    ALL
      MEMBER NAME 'ALL'
      MEMBER CAPTION 'Total'
      MEMBER DESCRIPTION 'Total'
    CACHE STAR USING ENFORCED CONSTRAINTS
      NONE"
"BKS_YEARBUILT_AD","
  CREATE OR REPLACE FORCE EDITIONABLE ATTRIBUTE DIMENSION
    ""AV_AI"".""BKS_YEARBUILT_AD""
    DIMENSION TYPE STANDARD
    USING ""BROOKLYN_SALES"" AS ""BROOKLYN_SALES""
    ATTRIBUTES (
      ""BROOKLYN_SALES"".""YEARBUILT"" AS ""YEARBUILT""
        CLASSIFICATION ""CAPTION"" VALUE 'Year Built')
    LEVEL ""YEARBUILT""
      LEVEL TYPE STANDARD
      CLASSIFICATION ""CAPTION"" VALUE 'Year Built'
      KEY (""YEARBUILT"")
      MEMBER NAME TO_CHAR(""YEARBUILT"")
      MEMBER CAPTION (yearbuilt)
      MEMBER DESCRIPTION (yearbuilt)
      ORDER BY MIN ""YEARBUILT"" ASC NULLS LAST
    ALL
      MEMBER NAME 'ALL'
      MEMBER CAPTION 'Total'
      MEMBER DESCRIPTION 'Total'
    CACHE STAR USING ENFORCED CONSTRAINTS
      NONE"
"BKS_ZIPCODE_AD","
  CREATE OR REPLACE FORCE EDITIONABLE ATTRIBUTE DIMENSION
    ""AV_AI"".""BKS_ZIPCODE_AD""
    DIMENSION TYPE STANDARD
    USING ""BROOKLYN_SALES"" AS ""BROOKLYN_SALES""
    ATTRIBUTES (
      ""BROOKLYN_SALES"".""ZIPCODE"" AS ""ZIPCODE""
        CLASSIFICATION ""CAPTION"" VALUE 'Zip Code')
    LEVEL ""ZIPCODE""
      LEVEL TYPE STANDARD
      CLASSIFICATION ""CAPTION"" VALUE 'Zip Code'
      KEY (""ZIPCODE"")
      MEMBER NAME TO_CHAR(""ZIPCODE"")
      MEMBER CAPTION (zipcode)
      MEMBER DESCRIPTION (zipcode)
      ORDER BY MIN ""ZIPCODE"" ASC NULLS LAST
    ALL
      MEMBER NAME 'ALL'
      MEMBER CAPTION 'Total'
      MEMBER DESCRIPTION 'Total'
    CACHE STAR USING ENFORCED CONSTRAINTS
      NONE"
"BKS_ZONEMAP_AD","
  CREATE OR REPLACE FORCE EDITIONABLE ATTRIBUTE DIMENSION
    ""AV_AI"".""BKS_ZONEMAP_AD""
    DIMENSION TYPE STANDARD
    USING ""BROOKLYN_SALES"" AS ""BROOKLYN_SALES""
    ATTRIBUTES (
      ""BROOKLYN_SALES"".""ZONEMAP"" AS ""ZONEMAP""
        CLASSIFICATION ""CAPTION"" VALUE 'Zone Map')
    LEVEL ""ZONEMAP""
      LEVEL TYPE STANDARD
      CLASSIFICATION ""CAPTION"" VALUE 'Zone Map'
      KEY (""ZONEMAP"")
      MEMBER NAME TO_CHAR(""ZONEMAP"")
      MEMBER CAPTION (zonemap)
      MEMBER DESCRIPTION (zonemap)
      ORDER BY MIN ""ZONEMAP"" ASC NULLS LAST
    ALL
      MEMBER NAME 'ALL'
      MEMBER CAPTION 'Total'
      MEMBER DESCRIPTION 'Total'
    CACHE STAR USING ENFORCED CONSTRAINTS
      NONE"
"BKS_ZONING_DISTRICT_AD","
  CREATE OR REPLACE FORCE EDITIONABLE ATTRIBUTE DIMENSION
    ""AV_AI"".""BKS_ZONING_DISTRICT_AD""
    DIMENSION TYPE STANDARD
    USING ""BROOKLYN_SALES"" AS ""BROOKLYN_SALES""
    ATTRIBUTES (
      ""BROOKLYN_SALES"".""ZONEDIST4"" AS ""ZONEDIST4""
        CLASSIFICATION ""CAPTION"" VALUE 'Zoning District 4',
      ""BROOKLYN_SALES"".""ZONEDIST3"" AS ""ZONEDIST3""
        CLASSIFICATION ""CAPTION"" VALUE 'Zoning District 3',
      ""BROOKLYN_SALES"".""ZONEDIST2"" AS ""ZONEDIST2""
        CLASSIFICATION ""CAPTION"" VALUE 'Zoning District 2',
      ""BROOKLYN_SALES"".""ZONEDIST1"" AS ""ZONEDIST1""
        CLASSIFICATION ""CAPTION"" VALUE 'Zoning District 1')
    LEVEL ""ZONEDIST4""
      LEVEL TYPE STANDARD
      CLASSIFICATION ""CAPTION"" VALUE 'Zoning District 4'
      KEY (""ZONEDIST4"")
      MEMBER NAME TO_CHAR(""ZONEDIST4"")
      MEMBER CAPTION (zonedist4)
      MEMBER DESCRIPTION (zonedist4)
      ORDER BY MIN ""ZONEDIST4"" ASC NULLS LAST
    LEVEL ""ZONEDIST3""
      LEVEL TYPE STANDARD
      CLASSIFICATION ""CAPTION"" VALUE 'Zoning District 3'
      KEY (""ZONEDIST3"")
      MEMBER NAME TO_CHAR(""ZONEDIST3"")
      MEMBER CAPTION (zonedist3)
      MEMBER DESCRIPTION (zonedist3)
      ORDER BY MIN ""ZONEDIST3"" ASC NULLS LAST
      DETERMINES (""ZONEDIST4"")
    LEVEL ""ZONEDIST2""
      LEVEL TYPE STANDARD
      CLASSIFICATION ""CAPTION"" VALUE 'Zoning District 2'
      KEY (""ZONEDIST2"")
      MEMBER NAME TO_CHAR(""ZONEDIST2"")
      MEMBER CAPTION (zonedist2)
      MEMBER DESCRIPTION (zonedist2)
      ORDER BY MIN ""ZONEDIST2"" ASC NULLS LAST
      DETERMINES (""ZONEDIST3"")
    LEVEL ""ZONEDIST1""
      LEVEL TYPE STANDARD
      CLASSIFICATION ""CAPTION"" VALUE 'Zoning District 1'
      KEY (""ZONEDIST1"")
      MEMBER NAME TO_CHAR(""ZONEDIST1"")
      MEMBER CAPTION (zonedist1)
      MEMBER DESCRIPTION (zonedist1)
      ORDER BY MIN ""ZONEDIST1"" ASC NULLS LAST
      DETERMINES (""ZONEDIST2"")
    ALL
      MEMBER NAME 'ALL'
      MEMBER CAPTION 'Total'
      MEMBER DESCRIPTION 'Total'
    CACHE STAR USING ENFORCED CONSTRAINTS
      NONE"
"CAES_AREA_NAME_AD","
  CREATE OR REPLACE FORCE EDITIONABLE ATTRIBUTE DIMENSION
    ""AV_AI"".""CAES_AREA_NAME_AD""
    DIMENSION TYPE STANDARD
    USING ""CALF_EMPLOYMENT_SURVEY"" AS ""CALF_EMPLOYMENT_SURVEY""
    ATTRIBUTES (
      ""CALF_EMPLOYMENT_SURVEY"".""AREA_NAME"" AS ""AREA_NAME""
        CLASSIFICATION ""CAPTION"" VALUE 'Area Name')
    LEVEL ""AREA_NAME""
      LEVEL TYPE STANDARD
      CLASSIFICATION ""CAPTION"" VALUE 'Area Name'
      KEY (""AREA_NAME"")
      MEMBER NAME TO_CHAR(""AREA_NAME"")
      MEMBER CAPTION (area_name)
      MEMBER DESCRIPTION (area_name)
      ORDER BY MIN ""AREA_NAME"" ASC NULLS LAST
    ALL
      MEMBER NAME 'ALL'
      MEMBER CAPTION 'Total'
      MEMBER DESCRIPTION 'Total'
    CACHE STAR USING ENFORCED CONSTRAINTS
      NONE"
"CAES_AREA_TYPE_AD","
  CREATE OR REPLACE FORCE EDITIONABLE ATTRIBUTE DIMENSION
    ""AV_AI"".""CAES_AREA_TYPE_AD""
    DIMENSION TYPE STANDARD
    USING ""CALF_EMPLOYMENT_SURVEY"" AS ""CALF_EMPLOYMENT_SURVEY""
    ATTRIBUTES (
      ""CALF_EMPLOYMENT_SURVEY"".""AREA_TYPE"" AS ""AREA_TYPE""
        CLASSIFICATION ""CAPTION"" VALUE 'Area Type')
    LEVEL ""AREA_TYPE""
      LEVEL TYPE STANDARD
      CLASSIFICATION ""CAPTION"" VALUE 'Area Type'
      KEY (""AREA_TYPE"")
      MEMBER NAME TO_CHAR(""AREA_TYPE"")
      MEMBER CAPTION (area_type)
      MEMBER DESCRIPTION (area_type)
      ORDER BY MIN ""AREA_TYPE"" ASC NULLS LAST
    ALL
      MEMBER NAME 'ALL'
      MEMBER CAPTION 'Total'
      MEMBER DESCRIPTION 'Total'
    CACHE STAR USING ENFORCED CONSTRAINTS
      NONE"
"CAES_INDUSTRY_TITLE_AD","
  CREATE OR REPLACE FORCE EDITIONABLE ATTRIBUTE DIMENSION
    ""AV_AI"".""CAES_INDUSTRY_TITLE_AD""
    DIMENSION TYPE STANDARD
    USING ""CALF_EMPLOYMENT_SURVEY"" AS ""CALF_EMPLOYMENT_SURVEY""
    ATTRIBUTES (
      ""CALF_EMPLOYMENT_SURVEY"".""INDUSTRY_TITLE"" AS ""INDUSTRY_TITLE""
        CLASSIFICATION ""CAPTION"" VALUE 'Industry Title')
    LEVEL ""INDUSTRY_TITLE""
      LEVEL TYPE STANDARD
      CLASSIFICATION ""CAPTION"" VALUE 'Industry Title'
      KEY (""INDUSTRY_TITLE"")
      MEMBER NAME TO_CHAR(""INDUSTRY_TITLE"")
      MEMBER CAPTION (industry_title)
      MEMBER DESCRIPTION (industry_title)
      ORDER BY MIN ""INDUSTRY_TITLE"" ASC NULLS LAST
    ALL
      MEMBER NAME 'ALL'
      MEMBER CAPTION 'Total'
      MEMBER DESCRIPTION 'Total'
    CACHE STAR USING ENFORCED CONSTRAINTS
      NONE"
"CAES_MONTH_OF_YEAR_AD","
  CREATE OR REPLACE FORCE EDITIONABLE ATTRIBUTE DIMENSION
    ""AV_AI"".""CAES_MONTH_OF_YEAR_AD""
    DIMENSION TYPE STANDARD
    USING ""CALF_EMPLOYMENT_SURVEY"" AS ""CALF_EMPLOYMENT_SURVEY""
    ATTRIBUTES (
      ""CALF_EMPLOYMENT_SURVEY"".""MONTH_OF_YEAR"" AS ""MONTH_OF_YEAR""
        CLASSIFICATION ""CAPTION"" VALUE 'Month Of Year')
    LEVEL ""MONTH_OF_YEAR""
      LEVEL TYPE STANDARD
      CLASSIFICATION ""CAPTION"" VALUE 'Month Of Year'
      KEY (""MONTH_OF_YEAR"")
      MEMBER NAME TO_CHAR(""MONTH_OF_YEAR"")
      MEMBER CAPTION (month_of_year)
      MEMBER DESCRIPTION (month_of_year)
      ORDER BY MIN ""MONTH_OF_YEAR"" ASC NULLS LAST
    ALL
      MEMBER NAME 'ALL'
      MEMBER CAPTION 'Total'
      MEMBER DESCRIPTION 'Total'
    CACHE STAR USING ENFORCED CONSTRAINTS
      NONE"
"CAES_SEASONALLY_ADJUSTED_AD","
  CREATE OR REPLACE FORCE EDITIONABLE ATTRIBUTE DIMENSION
    ""AV_AI"".""CAES_SEASONALLY_ADJUSTED_AD""
    DIMENSION TYPE STANDARD
    USING ""CALF_EMPLOYMENT_SURVEY"" AS ""CALF_EMPLOYMENT_SURVEY""
    ATTRIBUTES (
      ""CALF_EMPLOYMENT_SURVEY"".""SEASONALLY_ADJUSTED"" AS ""SEASONALLY_ADJUSTED""
        CLASSIFICATION ""CAPTION"" VALUE 'Seasonally Adjusted')
    LEVEL ""SEASONALLY_ADJUSTED""
      LEVEL TYPE STANDARD
      CLASSIFICATION ""CAPTION"" VALUE 'Seasonally Adjusted'
      KEY (""SEASONALLY_ADJUSTED"")
      MEMBER NAME TO_CHAR(""SEASONALLY_ADJUSTED"")
      MEMBER CAPTION (seasonally_adjusted)
      MEMBER DESCRIPTION (seasonally_adjusted)
      ORDER BY MIN ""SEASONALLY_ADJUSTED"" ASC NULLS LAST
    ALL
      MEMBER NAME 'ALL'
      MEMBER CAPTION 'Total'
      MEMBER DESCRIPTION 'Total'
    CACHE STAR USING ENFORCED CONSTRAINTS
      NONE"
"CAES_TIME_AD","
  CREATE OR REPLACE FORCE EDITIONABLE ATTRIBUTE DIMENSION ""AV_AI"".""CAES_TIME_AD""
    DIMENSION TYPE STANDARD
    USING ""CALF_EMPLOYMENT_SURVEY"" AS ""CALF_EMPLOYMENT_SURVEY""
    ATTRIBUTES (
      ""CALF_EMPLOYMENT_SURVEY"".""YEAR"" AS ""YEAR""
        CLASSIFICATION ""CAPTION"" VALUE 'Year',
      ""CALF_EMPLOYMENT_SURVEY"".""MONTH"" AS ""MONTH""
        CLASSIFICATION ""CAPTION"" VALUE 'Month')
    LEVEL ""YEAR""
      LEVEL TYPE STANDARD
      CLASSIFICATION ""CAPTION"" VALUE 'Year'
      KEY (""YEAR"")
      MEMBER NAME TO_CHAR(""YEAR"")
      MEMBER CAPTION TO_CHAR(year)
      MEMBER DESCRIPTION TO_CHAR(year)
      ORDER BY MIN ""YEAR"" ASC NULLS LAST
    LEVEL ""MONTH""
      LEVEL TYPE STANDARD
      CLASSIFICATION ""CAPTION"" VALUE 'Month'
      KEY (""MONTH"")
      MEMBER NAME TO_CHAR(""MONTH"")
      MEMBER CAPTION (month)
      MEMBER DESCRIPTION (month)
      ORDER BY MIN ""MONTH"" ASC NULLS LAST
      DETERMINES (""YEAR"")
    ALL
      MEMBER NAME 'ALL'
      MEMBER CAPTION 'Total'
      MEMBER DESCRIPTION 'Total'
    CACHE STAR USING ENFORCED CONSTRAINTS
      NONE"
"CTF_DUTY_AD","
  CREATE OR REPLACE FORCE EDITIONABLE ATTRIBUTE DIMENSION ""AV_AI"".""CTF_DUTY_AD""
    DIMENSION TYPE STANDARD
    USING ""CALF_VEHICLE_FUEL_TYPES"" AS ""CALF_VEHICLE_FUEL_TYPES""
    ATTRIBUTES (
      ""CALF_VEHICLE_FUEL_TYPES"".""DUTY"" AS ""DUTY""
        CLASSIFICATION ""CAPTION"" VALUE 'Duty')
    LEVEL ""DUTY""
      LEVEL TYPE STANDARD
      CLASSIFICATION ""CAPTION"" VALUE 'Duty'
      KEY (""DUTY"")
      MEMBER NAME TO_CHAR(""DUTY"")
      MEMBER CAPTION (duty)
      MEMBER DESCRIPTION (duty)
      ORDER BY MIN ""DUTY"" ASC NULLS LAST
    ALL
      MEMBER NAME 'ALL'
      MEMBER CAPTION 'Total'
      MEMBER DESCRIPTION 'Total'
    CACHE STAR USING ENFORCED CONSTRAINTS
      NONE"
"CTF_FUEL_AD","
  CREATE OR REPLACE FORCE EDITIONABLE ATTRIBUTE DIMENSION ""AV_AI"".""CTF_FUEL_AD""
    DIMENSION TYPE STANDARD
    USING ""CALF_VEHICLE_FUEL_TYPES"" AS ""CALF_VEHICLE_FUEL_TYPES""
    ATTRIBUTES (
      ""CALF_VEHICLE_FUEL_TYPES"".""FUEL"" AS ""FUEL""
        CLASSIFICATION ""CAPTION"" VALUE 'Fuel')
    LEVEL ""FUEL""
      LEVEL TYPE STANDARD
      CLASSIFICATION ""CAPTION"" VALUE 'Fuel'
      KEY (""FUEL"")
      MEMBER NAME TO_CHAR(""FUEL"")
      MEMBER CAPTION (fuel)
      MEMBER DESCRIPTION (fuel)
      ORDER BY MIN ""FUEL"" ASC NULLS LAST
    ALL
      MEMBER NAME 'ALL'
      MEMBER CAPTION 'Total'
      MEMBER DESCRIPTION 'Total'
    CACHE STAR USING ENFORCED CONSTRAINTS
      NONE"
"CTF_MAKE_AD","
  CREATE OR REPLACE FORCE EDITIONABLE ATTRIBUTE DIMENSION ""AV_AI"".""CTF_MAKE_AD""
    DIMENSION TYPE STANDARD
    USING ""CALF_VEHICLE_FUEL_TYPES"" AS ""CALF_VEHICLE_FUEL_TYPES""
    ATTRIBUTES (
      ""CALF_VEHICLE_FUEL_TYPES"".""MAKE"" AS ""MAKE""
        CLASSIFICATION ""CAPTION"" VALUE 'Make')
    LEVEL ""MAKE""
      LEVEL TYPE STANDARD
      CLASSIFICATION ""CAPTION"" VALUE 'Make'
      KEY (""MAKE"")
      MEMBER NAME TO_CHAR(""MAKE"")
      MEMBER CAPTION (make)
      MEMBER DESCRIPTION (make)
      ORDER BY MIN ""MAKE"" ASC NULLS LAST
    ALL
      MEMBER NAME 'ALL'
      MEMBER CAPTION 'Total'
      MEMBER DESCRIPTION 'Total'
    CACHE STAR USING ENFORCED CONSTRAINTS
      NONE"
"CTF_MODEL_YEAR_AD","
  CREATE OR REPLACE FORCE EDITIONABLE ATTRIBUTE DIMENSION
    ""AV_AI"".""CTF_MODEL_YEAR_AD""
    DIMENSION TYPE STANDARD
    USING ""CALF_VEHICLE_FUEL_TYPES"" AS ""CALF_VEHICLE_FUEL_TYPES""
    ATTRIBUTES (
      ""CALF_VEHICLE_FUEL_TYPES"".""MODEL_YEAR"" AS ""MODEL_YEAR""
        CLASSIFICATION ""CAPTION"" VALUE 'Model Year')
    LEVEL ""MODEL_YEAR""
      LEVEL TYPE STANDARD
      CLASSIFICATION ""CAPTION"" VALUE 'Model Year'
      KEY (""MODEL_YEAR"")
      MEMBER NAME TO_CHAR(""MODEL_YEAR"")
      MEMBER CAPTION (model_year)
      MEMBER DESCRIPTION (model_year)
      ORDER BY MIN ""MODEL_YEAR"" ASC NULLS LAST
    ALL
      MEMBER NAME 'ALL'
      MEMBER CAPTION 'Total'
      MEMBER DESCRIPTION 'Total'
    CACHE STAR USING ENFORCED CONSTRAINTS
      NONE"
"CTF_YEAR_AD","
  CREATE OR REPLACE FORCE EDITIONABLE ATTRIBUTE DIMENSION ""AV_AI"".""CTF_YEAR_AD""
    DIMENSION TYPE STANDARD
    USING ""CALF_VEHICLE_FUEL_TYPES"" AS ""CALF_VEHICLE_FUEL_TYPES""
    ATTRIBUTES (
      ""CALF_VEHICLE_FUEL_TYPES"".""YEAR"" AS ""YEAR""
        CLASSIFICATION ""CAPTION"" VALUE 'Year')
    LEVEL ""YEAR""
      LEVEL TYPE STANDARD
      CLASSIFICATION ""CAPTION"" VALUE 'Year'
      KEY (""YEAR"")
      MEMBER NAME TO_CHAR(""YEAR"")
      MEMBER CAPTION (year)
      MEMBER DESCRIPTION (year)
      ORDER BY MIN ""YEAR"" ASC NULLS LAST
    ALL
      MEMBER NAME 'ALL'
      MEMBER CAPTION 'Total'
      MEMBER DESCRIPTION 'Total'
    CACHE STAR USING ENFORCED CONSTRAINTS
      NONE"
"CTF_ZIP_CODE_AD","
  CREATE OR REPLACE FORCE EDITIONABLE ATTRIBUTE DIMENSION
    ""AV_AI"".""CTF_ZIP_CODE_AD""
    DIMENSION TYPE STANDARD
    USING ""CALF_VEHICLE_FUEL_TYPES"" AS ""CALF_VEHICLE_FUEL_TYPES""
    ATTRIBUTES (
      ""CALF_VEHICLE_FUEL_TYPES"".""ZIP_CODE"" AS ""ZIP_CODE""
        CLASSIFICATION ""CAPTION"" VALUE 'Zip Code')
    LEVEL ""ZIP_CODE""
      LEVEL TYPE STANDARD
      CLASSIFICATION ""CAPTION"" VALUE 'Zip Code'
      KEY (""ZIP_CODE"")
      MEMBER NAME TO_CHAR(""ZIP_CODE"")
      MEMBER CAPTION TO_CHAR(zip_code)
      MEMBER DESCRIPTION TO_CHAR(zip_code)
      ORDER BY MIN ""ZIP_CODE"" ASC NULLS LAST
    ALL
      MEMBER NAME 'ALL'
      MEMBER CAPTION 'Total'
      MEMBER DESCRIPTION 'Total'
    CACHE STAR USING ENFORCED CONSTRAINTS
      NONE"
"IT_MONTH_NUM_OF_YEAR_AD","
  CREATE OR REPLACE FORCE EDITIONABLE ATTRIBUTE DIMENSION
    ""AV_AI"".""IT_MONTH_NUM_OF_YEAR_AD""
    DIMENSION TYPE STANDARD
    USING ""ITALY_WEEKLY_FUEL_PRICES"" AS ""ITALY_WEEKLY_FUEL_PRICES""
    ATTRIBUTES (
      ""ITALY_WEEKLY_FUEL_PRICES"".""MONTH_NUM_OF_YEAR"" AS ""MONTH_NUM_OF_YEAR""
        CLASSIFICATION ""CAPTION"" VALUE 'Month Num Of Year')
    LEVEL ""MONTH_NUM_OF_YEAR""
      LEVEL TYPE STANDARD
      CLASSIFICATION ""CAPTION"" VALUE 'Month Num Of Year'
      KEY (""MONTH_NUM_OF_YEAR"")
      MEMBER NAME TO_CHAR(""MONTH_NUM_OF_YEAR"")
      MEMBER CAPTION (month_num_of_year)
      MEMBER DESCRIPTION (month_num_of_year)
      ORDER BY MIN ""MONTH_NUM_OF_YEAR"" ASC NULLS LAST
    ALL
      MEMBER NAME 'ALL'
      MEMBER CAPTION 'Total'
      MEMBER DESCRIPTION 'Total'
    CACHE STAR USING ENFORCED CONSTRAINTS
      NONE"
"IT_MONTH_OF_YEAR_AD","
  CREATE OR REPLACE FORCE EDITIONABLE ATTRIBUTE DIMENSION
    ""AV_AI"".""IT_MONTH_OF_YEAR_AD""
    DIMENSION TYPE STANDARD
    USING ""ITALY_WEEKLY_FUEL_PRICES"" AS ""ITALY_WEEKLY_FUEL_PRICES""
    ATTRIBUTES (
      ""ITALY_WEEKLY_FUEL_PRICES"".""MONTH_OF_YEAR"" AS ""MONTH_OF_YEAR""
        CLASSIFICATION ""CAPTION"" VALUE 'Month Of Year')
    LEVEL ""MONTH_OF_YEAR""
      LEVEL TYPE STANDARD
      CLASSIFICATION ""CAPTION"" VALUE 'Month Of Year'
      KEY (""MONTH_OF_YEAR"")
      MEMBER NAME TO_CHAR(""MONTH_OF_YEAR"")
      MEMBER CAPTION (month_of_year)
      MEMBER DESCRIPTION (month_of_year)
      ORDER BY MIN ""MONTH_OF_YEAR"" ASC NULLS LAST
    ALL
      MEMBER NAME 'ALL'
      MEMBER CAPTION 'Total'
      MEMBER DESCRIPTION 'Total'
    CACHE STAR USING ENFORCED CONSTRAINTS
      NONE"
"IT_PRICE_COMPONENT_AD","
  CREATE OR REPLACE FORCE EDITIONABLE ATTRIBUTE DIMENSION
    ""AV_AI"".""IT_PRICE_COMPONENT_AD""
    DIMENSION TYPE STANDARD
    USING ""ITALY_WEEKLY_FUEL_PRICES"" AS ""ITALY_WEEKLY_FUEL_PRICES""
    ATTRIBUTES (
      ""ITALY_WEEKLY_FUEL_PRICES"".""PRICE_COMPONENT"" AS ""PRICE_COMPONENT""
        CLASSIFICATION ""CAPTION"" VALUE 'Price Component')
    LEVEL ""PRICE_COMPONENT""
      LEVEL TYPE STANDARD
      CLASSIFICATION ""CAPTION"" VALUE 'Price Component'
      KEY (""PRICE_COMPONENT"")
      MEMBER NAME TO_CHAR(""PRICE_COMPONENT"")
      MEMBER CAPTION (price_component)
      MEMBER DESCRIPTION (price_component)
      ORDER BY MIN ""PRICE_COMPONENT"" ASC NULLS LAST
    ALL
      MEMBER NAME 'ALL'
      MEMBER CAPTION 'Total'
      MEMBER DESCRIPTION 'Total'
    CACHE STAR USING ENFORCED CONSTRAINTS
      NONE"
"IT_PRODUCT_AD","
  CREATE OR REPLACE FORCE EDITIONABLE ATTRIBUTE DIMENSION ""AV_AI"".""IT_PRODUCT_AD""
    DIMENSION TYPE STANDARD
    USING ""ITALY_WEEKLY_FUEL_PRICES"" AS ""ITALY_WEEKLY_FUEL_PRICES""
    ATTRIBUTES (
      ""ITALY_WEEKLY_FUEL_PRICES"".""PRODUCT_TYPE"" AS ""PRODUCT_TYPE""
        CLASSIFICATION ""CAPTION"" VALUE 'Product Type',
      ""ITALY_WEEKLY_FUEL_PRICES"".""PRODUCT_NAME"" AS ""PRODUCT_NAME""
        CLASSIFICATION ""CAPTION"" VALUE 'Product Name')
    LEVEL ""PRODUCT_TYPE""
      LEVEL TYPE STANDARD
      CLASSIFICATION ""CAPTION"" VALUE 'Product Type'
      KEY (""PRODUCT_TYPE"")
      MEMBER NAME TO_CHAR(""PRODUCT_TYPE"")
      MEMBER CAPTION (product_type)
      MEMBER DESCRIPTION (product_type)
      ORDER BY MIN ""PRODUCT_TYPE"" ASC NULLS LAST
    LEVEL ""PRODUCT_NAME""
      LEVEL TYPE STANDARD
      CLASSIFICATION ""CAPTION"" VALUE 'Product Name'
      KEY (""PRODUCT_NAME"")
      MEMBER NAME TO_CHAR(""PRODUCT_NAME"")
      MEMBER CAPTION (product_name)
      MEMBER DESCRIPTION (product_name)
      ORDER BY MIN ""PRODUCT_NAME"" ASC NULLS LAST
      DETERMINES (""PRODUCT_TYPE"")
    ALL
      MEMBER NAME 'ALL'
      MEMBER CAPTION 'Total'
      MEMBER DESCRIPTION 'Total'
    CACHE STAR USING ENFORCED CONSTRAINTS
      NONE"
"IT_TIME_AD","
  CREATE OR REPLACE FORCE EDITIONABLE ATTRIBUTE DIMENSION ""AV_AI"".""IT_TIME_AD""
    DIMENSION TYPE STANDARD
    USING ""ITALY_WEEKLY_FUEL_PRICES"" AS ""ITALY_WEEKLY_FUEL_PRICES""
    ATTRIBUTES (
      ""ITALY_WEEKLY_FUEL_PRICES"".""YEAR"" AS ""YEAR""
        CLASSIFICATION ""CAPTION"" VALUE 'Year',
      ""ITALY_WEEKLY_FUEL_PRICES"".""QUARTER"" AS ""QUARTER""
        CLASSIFICATION ""CAPTION"" VALUE 'Quarter',
      ""ITALY_WEEKLY_FUEL_PRICES"".""MONTH"" AS ""MONTH""
        CLASSIFICATION ""CAPTION"" VALUE 'Month',
      ""ITALY_WEEKLY_FUEL_PRICES"".""SURVEY_DATE"" AS ""SURVEY_DATE""
        CLASSIFICATION ""CAPTION"" VALUE 'Survey Date')
    LEVEL ""YEAR""
      LEVEL TYPE STANDARD
      CLASSIFICATION ""CAPTION"" VALUE 'Year'
      KEY (""YEAR"")
      MEMBER NAME TO_CHAR(""YEAR"")
      MEMBER CAPTION (year)
      MEMBER DESCRIPTION (year)
      ORDER BY MIN ""YEAR"" ASC NULLS LAST
    LEVEL ""QUARTER""
      LEVEL TYPE STANDARD
      CLASSIFICATION ""CAPTION"" VALUE 'Quarter'
      KEY (""QUARTER"")
      MEMBER NAME TO_CHAR(""QUARTER"")
      MEMBER CAPTION (quarter)
      MEMBER DESCRIPTION (quarter)
      ORDER BY MIN ""QUARTER"" ASC NULLS LAST
      DETERMINES (""YEAR"")
    LEVEL ""MONTH""
      LEVEL TYPE STANDARD
      CLASSIFICATION ""CAPTION"" VALUE 'Month'
      KEY (""MONTH"")
      MEMBER NAME TO_CHAR(""MONTH"")
      MEMBER CAPTION (month)
      MEMBER DESCRIPTION (month)
      ORDER BY MIN ""MONTH"" ASC NULLS LAST
      DETERMINES (""QUARTER"")
    LEVEL ""SURVEY_DATE""
      LEVEL TYPE STANDARD
      CLASSIFICATION ""CAPTION"" VALUE 'Survey Date'
      KEY (""SURVEY_DATE"")
      MEMBER NAME TO_CHAR(""SURVEY_DATE"")
      MEMBER CAPTION (survey_date)
      MEMBER DESCRIPTION (survey_date)
      ORDER BY MIN ""SURVEY_DATE"" ASC NULLS LAST
      DETERMINES (""MONTH"")
    ALL
      MEMBER NAME 'ALL'
      MEMBER CAPTION 'Total'
      MEMBER DESCRIPTION 'Total'
    CACHE STAR USING ENFORCED CONSTRAINTS
      NONE"
"MA_MONTH_NUM_OF_YEAR_AD","
  CREATE OR REPLACE FORCE EDITIONABLE ATTRIBUTE DIMENSION
    ""AV_AI"".""MA_MONTH_NUM_OF_YEAR_AD""
    DIMENSION TYPE STANDARD
    USING ""MASS_WELL_DRILLING"" AS ""MASS_WELL_DRILLING""
    ATTRIBUTES (
      ""MASS_WELL_DRILLING"".""MONTH_NUM_OF_YEAR"" AS ""MONTH_NUM_OF_YEAR""
        CLASSIFICATION ""CAPTION"" VALUE 'Month Num Of Year')
    LEVEL ""MONTH_NUM_OF_YEAR""
      LEVEL TYPE STANDARD
      CLASSIFICATION ""CAPTION"" VALUE 'Month Num Of Year'
      KEY (""MONTH_NUM_OF_YEAR"")
      MEMBER NAME TO_CHAR(""MONTH_NUM_OF_YEAR"")
      MEMBER CAPTION (month_num_of_year)
      MEMBER DESCRIPTION (month_num_of_year)
      ORDER BY MIN ""MONTH_NUM_OF_YEAR"" ASC NULLS LAST
    ALL
      MEMBER NAME 'ALL'
      MEMBER CAPTION 'Total'
      MEMBER DESCRIPTION 'Total'
    CACHE STAR USING ENFORCED CONSTRAINTS
      NONE"
"MA_TIME_AD","
  CREATE OR REPLACE FORCE EDITIONABLE ATTRIBUTE DIMENSION ""AV_AI"".""MA_TIME_AD""
    DIMENSION TYPE STANDARD
    USING ""MASS_WELL_DRILLING"" AS ""MASS_WELL_DRILLING""
    ATTRIBUTES (
      ""MASS_WELL_DRILLING"".""YEAR"" AS ""YEAR""
        CLASSIFICATION ""CAPTION"" VALUE 'Year',
      ""MASS_WELL_DRILLING"".""MONTH"" AS ""MONTH""
        CLASSIFICATION ""CAPTION"" VALUE 'Month')
    LEVEL ""YEAR""
      LEVEL TYPE STANDARD
      CLASSIFICATION ""CAPTION"" VALUE 'Year'
      KEY (""YEAR"")
      MEMBER NAME TO_CHAR(""YEAR"")
      MEMBER CAPTION (year)
      MEMBER DESCRIPTION (year)
      ORDER BY MIN ""YEAR"" ASC NULLS LAST
    LEVEL ""MONTH""
      LEVEL TYPE STANDARD
      CLASSIFICATION ""CAPTION"" VALUE 'Month'
      KEY (""MONTH"")
      MEMBER NAME TO_CHAR(""MONTH"")
      MEMBER CAPTION (month)
      MEMBER DESCRIPTION (month)
      ORDER BY MIN ""MONTH"" ASC NULLS LAST
      DETERMINES (""YEAR"")
    ALL
      MEMBER NAME 'ALL'
      MEMBER CAPTION 'Total'
      MEMBER DESCRIPTION 'Total'
    CACHE STAR USING ENFORCED CONSTRAINTS
      NONE"
"MA_TOWN_AD","
  CREATE OR REPLACE FORCE EDITIONABLE ATTRIBUTE DIMENSION ""AV_AI"".""MA_TOWN_AD""
    DIMENSION TYPE STANDARD
    USING ""MASS_WELL_DRILLING"" AS ""MASS_WELL_DRILLING""
    ATTRIBUTES (
      ""MASS_WELL_DRILLING"".""TOWN"" AS ""TOWN""
        CLASSIFICATION ""CAPTION"" VALUE 'Town')
    LEVEL ""TOWN""
      LEVEL TYPE STANDARD
      CLASSIFICATION ""CAPTION"" VALUE 'Town'
      KEY (""TOWN"")
      MEMBER NAME TO_CHAR(""TOWN"")
      MEMBER CAPTION (town)
      MEMBER DESCRIPTION (town)
      ORDER BY MIN ""TOWN"" ASC NULLS LAST
    ALL
      MEMBER NAME 'ALL'
      MEMBER CAPTION 'Total'
      MEMBER DESCRIPTION 'Total'
    CACHE STAR USING ENFORCED CONSTRAINTS
      NONE"
"MA_WELL_TYPE_AD","
  CREATE OR REPLACE FORCE EDITIONABLE ATTRIBUTE DIMENSION
    ""AV_AI"".""MA_WELL_TYPE_AD""
    DIMENSION TYPE STANDARD
    USING ""MASS_WELL_DRILLING"" AS ""MASS_WELL_DRILLING""
    ATTRIBUTES (
      ""MASS_WELL_DRILLING"".""WELL_CATEGORY"" AS ""WELL_CATEGORY""
        CLASSIFICATION ""CAPTION"" VALUE 'Well Category',
      ""MASS_WELL_DRILLING"".""WELL_TYPE"" AS ""WELL_TYPE""
        CLASSIFICATION ""CAPTION"" VALUE 'Well Type')
    LEVEL ""WELL_CATEGORY""
      LEVEL TYPE STANDARD
      CLASSIFICATION ""CAPTION"" VALUE 'Well Category'
      KEY (""WELL_CATEGORY"")
      MEMBER NAME TO_CHAR(""WELL_CATEGORY"")
      MEMBER CAPTION (well_category)
      MEMBER DESCRIPTION (well_category)
      ORDER BY MIN ""WELL_CATEGORY"" ASC NULLS LAST
    LEVEL ""WELL_TYPE""
      LEVEL TYPE STANDARD
      CLASSIFICATION ""CAPTION"" VALUE 'Well Type'
      KEY (""WELL_TYPE"")
      MEMBER NAME TO_CHAR(""WELL_TYPE"")
      MEMBER CAPTION (well_type)
      MEMBER DESCRIPTION (well_type)
      ORDER BY MIN ""WELL_TYPE"" ASC NULLS LAST
      DETERMINES (""WELL_CATEGORY"")
    ALL
      MEMBER NAME 'ALL'
      MEMBER CAPTION 'Total'
      MEMBER DESCRIPTION 'Total'
    CACHE STAR USING ENFORCED CONSTRAINTS
      NONE"
"MA_WORK_PERFORMED_AD","
  CREATE OR REPLACE FORCE EDITIONABLE ATTRIBUTE DIMENSION
    ""AV_AI"".""MA_WORK_PERFORMED_AD""
    DIMENSION TYPE STANDARD
    USING ""MASS_WELL_DRILLING"" AS ""MASS_WELL_DRILLING""
    ATTRIBUTES (
      ""MASS_WELL_DRILLING"".""WORK_PERFORMED_CATEGORY"" AS ""WORK_PERFORMED_CATEGORY""
        CLASSIFICATION ""CAPTION"" VALUE 'Work Performed Category',
      ""MASS_WELL_DRILLING"".""WORK_PERFORMED"" AS ""WORK_PERFORMED""
        CLASSIFICATION ""CAPTION"" VALUE 'Work Performed')
    LEVEL ""WORK_PERFORMED_CATEGORY""
      LEVEL TYPE STANDARD
      CLASSIFICATION ""CAPTION"" VALUE 'Work Performed Category'
      KEY (""WORK_PERFORMED_CATEGORY"")
      MEMBER NAME TO_CHAR(""WORK_PERFORMED_CATEGORY"")
      MEMBER CAPTION (work_performed_category)
      MEMBER DESCRIPTION (work_performed_category)
      ORDER BY MIN ""WORK_PERFORMED_CATEGORY"" ASC NULLS LAST
    LEVEL ""WORK_PERFORMED""
      LEVEL TYPE STANDARD
      CLASSIFICATION ""CAPTION"" VALUE 'Work Performed'
      KEY (""WORK_PERFORMED"")
      MEMBER NAME TO_CHAR(""WORK_PERFORMED"")
      MEMBER CAPTION (work_performed)
      MEMBER DESCRIPTION (work_performed)
      ORDER BY MIN ""WORK_PERFORMED"" ASC NULLS LAST
      DETERMINES (""WORK_PERFORMED_CATEGORY"")
    ALL
      MEMBER NAME 'ALL'
      MEMBER CAPTION 'Total'
      MEMBER DESCRIPTION 'Total'
    CACHE STAR USING ENFORCED CONSTRAINTS
      NONE"
"NYC_PAY_AGENCY_AD","
  CREATE OR REPLACE FORCE EDITIONABLE ATTRIBUTE DIMENSION
    ""AV_AI"".""NYC_PAY_AGENCY_AD""
    DIMENSION TYPE STANDARD
    USING ""NYC_PAYROLL"" AS ""NYC_PAYROLL""
    ATTRIBUTES (
      ""NYC_PAYROLL"".""AGENCY_NAME"" AS ""AGENCY_NAME""
        CLASSIFICATION ""CAPTION"" VALUE 'Agency Name',
      ""NYC_PAYROLL"".""NAME_ID"" AS ""NAME_ID""
        CLASSIFICATION ""CAPTION"" VALUE 'Name Id')
    LEVEL ""AGENCY_NAME""
      LEVEL TYPE STANDARD
      CLASSIFICATION ""CAPTION"" VALUE 'Agency Name'
      KEY (""AGENCY_NAME"")
      MEMBER NAME TO_CHAR(""AGENCY_NAME"")
      MEMBER CAPTION (agency_name)
      MEMBER DESCRIPTION (agency_name)
      ORDER BY MIN ""AGENCY_NAME"" ASC NULLS LAST
    LEVEL ""NAME_ID""
      LEVEL TYPE STANDARD
      CLASSIFICATION ""CAPTION"" VALUE 'Name Id'
      KEY (""NAME_ID"")
      MEMBER NAME TO_CHAR(""NAME_ID"")
      MEMBER CAPTION (TO_CHAR(name_id))
      MEMBER DESCRIPTION (TO_CHAR(name_id))
      ORDER BY MIN ""NAME_ID"" ASC NULLS LAST
      DETERMINES (""AGENCY_NAME"")
    ALL
      MEMBER NAME 'ALL'
      MEMBER CAPTION 'Total'
      MEMBER DESCRIPTION 'Total'
    CACHE STAR USING ENFORCED CONSTRAINTS
      NONE"
"NYC_PAY_FISCAL_YEAR_AD","
  CREATE OR REPLACE FORCE EDITIONABLE ATTRIBUTE DIMENSION
    ""AV_AI"".""NYC_PAY_FISCAL_YEAR_AD""
    DIMENSION TYPE STANDARD
    USING ""NYC_PAYROLL"" AS ""NYC_PAYROLL""
    ATTRIBUTES (
      ""NYC_PAYROLL"".""FISCAL_YEAR"" AS ""FISCAL_YEAR""
        CLASSIFICATION ""CAPTION"" VALUE 'Fiscal Year')
    LEVEL ""FISCAL_YEAR""
      LEVEL TYPE STANDARD
      CLASSIFICATION ""CAPTION"" VALUE 'Fiscal Year'
      KEY (""FISCAL_YEAR"")
      MEMBER NAME TO_CHAR(""FISCAL_YEAR"")
      MEMBER CAPTION (TO_CHAR(fiscal_year))
      MEMBER DESCRIPTION (TO_CHAR(fiscal_year))
      ORDER BY MIN ""FISCAL_YEAR"" ASC NULLS LAST
    ALL
      MEMBER NAME 'ALL'
      MEMBER CAPTION 'Total'
      MEMBER DESCRIPTION 'Total'
    CACHE STAR USING ENFORCED CONSTRAINTS
      NONE"
"NYC_PAY_JOB_TITLE_AD","
  CREATE OR REPLACE FORCE EDITIONABLE ATTRIBUTE DIMENSION
    ""AV_AI"".""NYC_PAY_JOB_TITLE_AD""
    DIMENSION TYPE STANDARD
    USING ""NYC_PAYROLL"" AS ""NYC_PAYROLL""
    ATTRIBUTES (
      ""NYC_PAYROLL"".""JOB_TITLE"" AS ""JOB_TITLE""
        CLASSIFICATION ""CAPTION"" VALUE 'Job Title')
    LEVEL ""JOB_TITLE""
      LEVEL TYPE STANDARD
      CLASSIFICATION ""CAPTION"" VALUE 'Job Title'
      KEY (""JOB_TITLE"")
      MEMBER NAME TO_CHAR(""JOB_TITLE"")
      MEMBER CAPTION (job_title)
      MEMBER DESCRIPTION (job_title)
      ORDER BY MIN ""JOB_TITLE"" ASC NULLS LAST
    ALL
      MEMBER NAME 'ALL'
      MEMBER CAPTION 'Total'
      MEMBER DESCRIPTION 'Total'
    CACHE STAR USING ENFORCED CONSTRAINTS
      NONE"
"NYC_PAY_LEAVE_STATUS_AS_OF_JUNE_30_AD","
  CREATE OR REPLACE FORCE EDITIONABLE ATTRIBUTE DIMENSION
    ""AV_AI"".""NYC_PAY_LEAVE_STATUS_AS_OF_JUNE_30_AD""
    DIMENSION TYPE STANDARD
    USING ""NYC_PAYROLL"" AS ""NYC_PAYROLL""
    ATTRIBUTES (
      ""NYC_PAYROLL"".""LEAVE_STATUS_AS_OF_JUNE_30"" AS ""LEAVE_STATUS_AS_OF_JUNE_30""
        CLASSIFICATION ""CAPTION"" VALUE 'Leave Status As Of June 30')
    LEVEL ""LEAVE_STATUS_AS_OF_JUNE_30""
      LEVEL TYPE STANDARD
      CLASSIFICATION ""CAPTION"" VALUE 'Leave Status As Of June 30'
      KEY (""LEAVE_STATUS_AS_OF_JUNE_30"")
      MEMBER NAME TO_CHAR(""LEAVE_STATUS_AS_OF_JUNE_30"")
      MEMBER CAPTION (leave_status_as_of_june_30)
      MEMBER DESCRIPTION (leave_status_as_of_june_30)
      ORDER BY MIN ""LEAVE_STATUS_AS_OF_JUNE_30"" ASC NULLS LAST
    ALL
      MEMBER NAME 'ALL'
      MEMBER CAPTION 'Total'
      MEMBER DESCRIPTION 'Total'
    CACHE STAR USING ENFORCED CONSTRAINTS
      NONE"
"NYC_PAY_PAYROLL_NUMBER_AD","
  CREATE OR REPLACE FORCE EDITIONABLE ATTRIBUTE DIMENSION
    ""AV_AI"".""NYC_PAY_PAYROLL_NUMBER_AD""
    DIMENSION TYPE STANDARD
    USING ""NYC_PAYROLL"" AS ""NYC_PAYROLL""
    ATTRIBUTES (
      ""NYC_PAYROLL"".""PAYROLL_NUMBER"" AS ""PAYROLL_NUMBER""
        CLASSIFICATION ""CAPTION"" VALUE 'Payroll Number')
    LEVEL ""PAYROLL_NUMBER""
      LEVEL TYPE STANDARD
      CLASSIFICATION ""CAPTION"" VALUE 'Payroll Number'
      KEY (""PAYROLL_NUMBER"")
      MEMBER NAME TO_CHAR(""PAYROLL_NUMBER"")
      MEMBER CAPTION (TO_CHAR(payroll_number))
      MEMBER DESCRIPTION (TO_CHAR(payroll_number))
      ORDER BY MIN ""PAYROLL_NUMBER"" ASC NULLS LAST
    ALL
      MEMBER NAME 'ALL'
      MEMBER CAPTION 'Total'
      MEMBER DESCRIPTION 'Total'
    CACHE STAR USING ENFORCED CONSTRAINTS
      NONE"
"NYC_PAY_PAY_BASIS_AD","
  CREATE OR REPLACE FORCE EDITIONABLE ATTRIBUTE DIMENSION
    ""AV_AI"".""NYC_PAY_PAY_BASIS_AD""
    DIMENSION TYPE STANDARD
    USING ""NYC_PAYROLL"" AS ""NYC_PAYROLL""
    ATTRIBUTES (
      ""NYC_PAYROLL"".""PAY_BASIS"" AS ""PAY_BASIS""
        CLASSIFICATION ""CAPTION"" VALUE 'Pay Basis')
    LEVEL ""PAY_BASIS""
      LEVEL TYPE STANDARD
      CLASSIFICATION ""CAPTION"" VALUE 'Pay Basis'
      KEY (""PAY_BASIS"")
      MEMBER NAME TO_CHAR(""PAY_BASIS"")
      MEMBER CAPTION (pay_basis)
      MEMBER DESCRIPTION (pay_basis)
      ORDER BY MIN ""PAY_BASIS"" ASC NULLS LAST
    ALL
      MEMBER NAME 'ALL'
      MEMBER CAPTION 'Total'
      MEMBER DESCRIPTION 'Total'
    CACHE STAR USING ENFORCED CONSTRAINTS
      NONE"
"NYC_PAY_START_MONTH_AD","
  CREATE OR REPLACE FORCE EDITIONABLE ATTRIBUTE DIMENSION
    ""AV_AI"".""NYC_PAY_START_MONTH_AD""
    DIMENSION TYPE STANDARD
    USING ""NYC_PAYROLL"" AS ""NYC_PAYROLL""
    ATTRIBUTES (
      ""NYC_PAYROLL"".""START_MONTH"" AS ""START_MONTH""
        CLASSIFICATION ""CAPTION"" VALUE 'Start Month')
    LEVEL ""START_MONTH""
      LEVEL TYPE STANDARD
      CLASSIFICATION ""CAPTION"" VALUE 'Start Month'
      KEY (""START_MONTH"")
      MEMBER NAME TO_CHAR(""START_MONTH"")
      MEMBER CAPTION (start_month)
      MEMBER DESCRIPTION (start_month)
      ORDER BY MIN ""START_MONTH"" ASC NULLS LAST
    ALL
      MEMBER NAME 'ALL'
      MEMBER CAPTION 'Total'
      MEMBER DESCRIPTION 'Total'
    CACHE STAR USING ENFORCED CONSTRAINTS
      NONE"
"NYC_PAY_START_MONTH_OF_YEAR_AD","
  CREATE OR REPLACE FORCE EDITIONABLE ATTRIBUTE DIMENSION
    ""AV_AI"".""NYC_PAY_START_MONTH_OF_YEAR_AD""
    DIMENSION TYPE STANDARD
    USING ""NYC_PAYROLL"" AS ""NYC_PAYROLL""
    ATTRIBUTES (
      ""NYC_PAYROLL"".""START_MONTH_OF_YEAR"" AS ""START_MONTH_OF_YEAR""
        CLASSIFICATION ""CAPTION"" VALUE 'Start Month Of Year')
    LEVEL ""START_MONTH_OF_YEAR""
      LEVEL TYPE STANDARD
      CLASSIFICATION ""CAPTION"" VALUE 'Start Month Of Year'
      KEY (""START_MONTH_OF_YEAR"")
      MEMBER NAME TO_CHAR(""START_MONTH_OF_YEAR"")
      MEMBER CAPTION (start_month_of_year)
      MEMBER DESCRIPTION (start_month_of_year)
      ORDER BY MIN ""START_MONTH_OF_YEAR"" ASC NULLS LAST
    ALL
      MEMBER NAME 'ALL'
      MEMBER CAPTION 'Total'
      MEMBER DESCRIPTION 'Total'
    CACHE STAR USING ENFORCED CONSTRAINTS
      NONE"
"NYC_PAY_START_TIME_AD","
  CREATE OR REPLACE FORCE EDITIONABLE ATTRIBUTE DIMENSION
    ""AV_AI"".""NYC_PAY_START_TIME_AD""
    DIMENSION TYPE STANDARD
    USING ""NYC_PAYROLL"" AS ""NYC_PAYROLL""
    ATTRIBUTES (
      ""NYC_PAYROLL"".""START_YEAR"" AS ""START_YEAR""
        CLASSIFICATION ""CAPTION"" VALUE 'Start Year',
      ""NYC_PAYROLL"".""AGENCY_START_DATE"" AS ""AGENCY_START_DATE""
        CLASSIFICATION ""CAPTION"" VALUE 'Agency Start Date')
    LEVEL ""START_YEAR""
      LEVEL TYPE STANDARD
      CLASSIFICATION ""CAPTION"" VALUE 'Start Year'
      KEY (""START_YEAR"")
      MEMBER NAME TO_CHAR(""START_YEAR"")
      MEMBER CAPTION (TO_CHAR(start_year))
      MEMBER DESCRIPTION (TO_CHAR(start_year))
      ORDER BY MIN ""START_YEAR"" ASC NULLS LAST
    LEVEL ""AGENCY_START_DATE""
      LEVEL TYPE STANDARD
      CLASSIFICATION ""CAPTION"" VALUE 'Agency Start Date'
      KEY (""AGENCY_START_DATE"")
      MEMBER NAME TO_CHAR(""AGENCY_START_DATE"")
      MEMBER CAPTION (TO_CHAR(agency_start_date))
      MEMBER DESCRIPTION (TO_CHAR(agency_start_date))
      ORDER BY MIN ""AGENCY_START_DATE"" ASC NULLS LAST
      DETERMINES (""START_YEAR"")
    ALL
      MEMBER NAME 'ALL'
      MEMBER CAPTION 'Total'
      MEMBER DESCRIPTION 'Total'
    CACHE STAR USING ENFORCED CONSTRAINTS
      NONE"
"NYC_PAY_WORK_LOCATION_BOROUGH_AD","
  CREATE OR REPLACE FORCE EDITIONABLE ATTRIBUTE DIMENSION
    ""AV_AI"".""NYC_PAY_WORK_LOCATION_BOROUGH_AD""
    DIMENSION TYPE STANDARD
    USING ""NYC_PAYROLL"" AS ""NYC_PAYROLL""
    ATTRIBUTES (
      ""NYC_PAYROLL"".""WORK_LOCATION_BOROUGH"" AS ""WORK_LOCATION_BOROUGH""
        CLASSIFICATION ""CAPTION"" VALUE 'Work Location Borough')
    LEVEL ""WORK_LOCATION_BOROUGH""
      LEVEL TYPE STANDARD
      CLASSIFICATION ""CAPTION"" VALUE 'Work Location Borough'
      KEY (""WORK_LOCATION_BOROUGH"")
      MEMBER NAME TO_CHAR(""WORK_LOCATION_BOROUGH"")
      MEMBER CAPTION (work_location_borough)
      MEMBER DESCRIPTION (work_location_borough)
      ORDER BY MIN ""WORK_LOCATION_BOROUGH"" ASC NULLS LAST
    ALL
      MEMBER NAME 'ALL'
      MEMBER CAPTION 'Total'
      MEMBER DESCRIPTION 'Total'
    CACHE STAR USING ENFORCED CONSTRAINTS
      NONE"
"NYC_VFH_BASE_NAME_AD","
  CREATE OR REPLACE FORCE EDITIONABLE ATTRIBUTE DIMENSION
    ""AV_AI"".""NYC_VFH_BASE_NAME_AD""
    DIMENSION TYPE STANDARD
    USING ""NYC_FOR_HIRE_VEHICLES"" AS ""NYC_FOR_HIRE_VEHICLES""
    ATTRIBUTES (
      ""NYC_FOR_HIRE_VEHICLES"".""BASE_NAME"" AS ""BASE_NAME""
        CLASSIFICATION ""CAPTION"" VALUE 'Base Name')
    LEVEL ""BASE_NAME""
      LEVEL TYPE STANDARD
      CLASSIFICATION ""CAPTION"" VALUE 'Base Name'
      KEY (""BASE_NAME"")
      MEMBER NAME TO_CHAR(""BASE_NAME"")
      MEMBER CAPTION (base_name)
      MEMBER DESCRIPTION (base_name)
      ORDER BY MIN ""BASE_NAME"" ASC NULLS LAST
    ALL
      MEMBER NAME 'ALL'
      MEMBER CAPTION 'Total'
      MEMBER DESCRIPTION 'Total'
    CACHE STAR USING ENFORCED CONSTRAINTS
      NONE"
"NYC_VFH_BASE_NUMBER_AD","
  CREATE OR REPLACE FORCE EDITIONABLE ATTRIBUTE DIMENSION
    ""AV_AI"".""NYC_VFH_BASE_NUMBER_AD""
    DIMENSION TYPE STANDARD
    USING ""NYC_FOR_HIRE_VEHICLES"" AS ""NYC_FOR_HIRE_VEHICLES""
    ATTRIBUTES (
      ""NYC_FOR_HIRE_VEHICLES"".""BASE_NUMBER"" AS ""BASE_NUMBER""
        CLASSIFICATION ""CAPTION"" VALUE 'Base Number')
    LEVEL ""BASE_NUMBER""
      LEVEL TYPE STANDARD
      CLASSIFICATION ""CAPTION"" VALUE 'Base Number'
      KEY (""BASE_NUMBER"")
      MEMBER NAME TO_CHAR(""BASE_NUMBER"")
      MEMBER CAPTION (base_number)
      MEMBER DESCRIPTION (base_number)
      ORDER BY MIN ""BASE_NUMBER"" ASC NULLS LAST
    ALL
      MEMBER NAME 'ALL'
      MEMBER CAPTION 'Total'
      MEMBER DESCRIPTION 'Total'
    CACHE STAR USING ENFORCED CONSTRAINTS
      NONE"
"NYC_VFH_BASE_TYPE_AD","
  CREATE OR REPLACE FORCE EDITIONABLE ATTRIBUTE DIMENSION
    ""AV_AI"".""NYC_VFH_BASE_TYPE_AD""
    DIMENSION TYPE STANDARD
    USING ""NYC_FOR_HIRE_VEHICLES"" AS ""NYC_FOR_HIRE_VEHICLES""
    ATTRIBUTES (
      ""NYC_FOR_HIRE_VEHICLES"".""BASE_TYPE"" AS ""BASE_TYPE""
        CLASSIFICATION ""CAPTION"" VALUE 'Base Type')
    LEVEL ""BASE_TYPE""
      LEVEL TYPE STANDARD
      CLASSIFICATION ""CAPTION"" VALUE 'Base Type'
      KEY (""BASE_TYPE"")
      MEMBER NAME TO_CHAR(""BASE_TYPE"")
      MEMBER CAPTION (base_type)
      MEMBER DESCRIPTION (base_type)
      ORDER BY MIN ""BASE_TYPE"" ASC NULLS LAST
    ALL
      MEMBER NAME 'ALL'
      MEMBER CAPTION 'Total'
      MEMBER DESCRIPTION 'Total'
    CACHE STAR USING ENFORCED CONSTRAINTS
      NONE"
"NYC_VFH_TIME_AD","
  CREATE OR REPLACE FORCE EDITIONABLE ATTRIBUTE DIMENSION
    ""AV_AI"".""NYC_VFH_TIME_AD""
    DIMENSION TYPE STANDARD
    USING ""NYC_FOR_HIRE_VEHICLES"" AS ""NYC_FOR_HIRE_VEHICLES""
    ATTRIBUTES (
      ""NYC_FOR_HIRE_VEHICLES"".""EXPIRATION_YEAR"" AS ""EXPIRATION_YEAR""
        CLASSIFICATION ""CAPTION"" VALUE 'Expiration Year',
      ""NYC_FOR_HIRE_VEHICLES"".""EXPIRATION_MONTH"" AS ""EXPIRATION_MONTH""
        CLASSIFICATION ""CAPTION"" VALUE 'Expiration Month',
      ""NYC_FOR_HIRE_VEHICLES"".""EXPIRATION_DATE"" AS ""EXPIRATION_DATE""
        CLASSIFICATION ""CAPTION"" VALUE 'Expiration Date')
    LEVEL ""EXPIRATION_YEAR""
      LEVEL TYPE STANDARD
      CLASSIFICATION ""CAPTION"" VALUE 'Expiration Year'
      KEY (""EXPIRATION_YEAR"")
      MEMBER NAME TO_CHAR(""EXPIRATION_YEAR"")
      MEMBER CAPTION (to_char(expiration_year))
      MEMBER DESCRIPTION (to_char(expiration_year))
      ORDER BY MIN ""EXPIRATION_YEAR"" ASC NULLS LAST
    LEVEL ""EXPIRATION_MONTH""
      LEVEL TYPE STANDARD
      CLASSIFICATION ""CAPTION"" VALUE 'Expiration Month'
      KEY (""EXPIRATION_MONTH"")
      MEMBER NAME TO_CHAR(""EXPIRATION_MONTH"")
      MEMBER CAPTION (expiration_month)
      MEMBER DESCRIPTION (expiration_month)
      ORDER BY MIN ""EXPIRATION_MONTH"" ASC NULLS LAST
      DETERMINES (""EXPIRATION_YEAR"")
    LEVEL ""EXPIRATION_DATE""
      LEVEL TYPE STANDARD
      CLASSIFICATION ""CAPTION"" VALUE 'Expiration Date'
      KEY (""EXPIRATION_DATE"")
      MEMBER NAME TO_CHAR(""EXPIRATION_DATE"")
      MEMBER CAPTION (to_char(expiration_date))
      MEMBER DESCRIPTION (to_char(expiration_date))
      ORDER BY MIN ""EXPIRATION_DATE"" ASC NULLS LAST
      DETERMINES (""EXPIRATION_MONTH"")
    ALL
      MEMBER NAME 'ALL'
      MEMBER CAPTION 'Total'
      MEMBER DESCRIPTION 'Total'
    CACHE STAR USING ENFORCED CONSTRAINTS
      NONE"
"NYC_VFH_VEHICLE_YEAR_AD","
  CREATE OR REPLACE FORCE EDITIONABLE ATTRIBUTE DIMENSION
    ""AV_AI"".""NYC_VFH_VEHICLE_YEAR_AD""
    DIMENSION TYPE STANDARD
    USING ""NYC_FOR_HIRE_VEHICLES"" AS ""NYC_FOR_HIRE_VEHICLES""
    ATTRIBUTES (
      ""NYC_FOR_HIRE_VEHICLES"".""VEHICLE_YEAR"" AS ""VEHICLE_YEAR""
        CLASSIFICATION ""CAPTION"" VALUE 'Vehicle Year')
    LEVEL ""VEHICLE_YEAR""
      LEVEL TYPE STANDARD
      CLASSIFICATION ""CAPTION"" VALUE 'Vehicle Year'
      KEY (""VEHICLE_YEAR"")
      MEMBER NAME TO_CHAR(""VEHICLE_YEAR"")
      MEMBER CAPTION (to_char(vehicle_year))
      MEMBER DESCRIPTION (to_char(vehicle_year))
      ORDER BY MIN ""VEHICLE_YEAR"" ASC NULLS LAST
    ALL
      MEMBER NAME 'ALL'
      MEMBER CAPTION 'Total'
      MEMBER DESCRIPTION 'Total'
    CACHE STAR USING ENFORCED CONSTRAINTS
      NONE"
"NYC_VFH_VEH_AD","
  CREATE OR REPLACE FORCE EDITIONABLE ATTRIBUTE DIMENSION
    ""AV_AI"".""NYC_VFH_VEH_AD""
    DIMENSION TYPE STANDARD
    USING ""NYC_FOR_HIRE_VEHICLES"" AS ""NYC_FOR_HIRE_VEHICLES""
    ATTRIBUTES (
      ""NYC_FOR_HIRE_VEHICLES"".""VEH"" AS ""VEH""
        CLASSIFICATION ""CAPTION"" VALUE 'Veh')
    LEVEL ""VEH""
      LEVEL TYPE STANDARD
      CLASSIFICATION ""CAPTION"" VALUE 'Veh'
      KEY (""VEH"")
      MEMBER NAME TO_CHAR(""VEH"")
      MEMBER CAPTION (veh)
      MEMBER DESCRIPTION (veh)
      ORDER BY MIN ""VEH"" ASC NULLS LAST
    ALL
      MEMBER NAME 'ALL'
      MEMBER CAPTION 'Total'
      MEMBER DESCRIPTION 'Total'
    CACHE STAR USING ENFORCED CONSTRAINTS
      NONE"
"NYC_VFH_WHEELCHAIR_ACCESSIBLE_AD","
  CREATE OR REPLACE FORCE EDITIONABLE ATTRIBUTE DIMENSION
    ""AV_AI"".""NYC_VFH_WHEELCHAIR_ACCESSIBLE_AD""
    DIMENSION TYPE STANDARD
    USING ""NYC_FOR_HIRE_VEHICLES"" AS ""NYC_FOR_HIRE_VEHICLES""
    ATTRIBUTES (
      ""NYC_FOR_HIRE_VEHICLES"".""WHEELCHAIR_ACCESSIBLE"" AS ""WHEELCHAIR_ACCESSIBLE""
        CLASSIFICATION ""CAPTION"" VALUE 'Wheelchair Accessible')
    LEVEL ""WHEELCHAIR_ACCESSIBLE""
      LEVEL TYPE STANDARD
      CLASSIFICATION ""CAPTION"" VALUE 'Wheelchair Accessible'
      KEY (""WHEELCHAIR_ACCESSIBLE"")
      MEMBER NAME TO_CHAR(""WHEELCHAIR_ACCESSIBLE"")
      MEMBER CAPTION (wheelchair_accessible)
      MEMBER DESCRIPTION (wheelchair_accessible)
      ORDER BY MIN ""WHEELCHAIR_ACCESSIBLE"" ASC NULLS LAST
    ALL
      MEMBER NAME 'ALL'
      MEMBER CAPTION 'Total'
      MEMBER DESCRIPTION 'Total'
    CACHE STAR USING ENFORCED CONSTRAINTS
      NONE"
"NYPD_SHOOT_BOROUGH_AD","
  CREATE OR REPLACE FORCE EDITIONABLE ATTRIBUTE DIMENSION
    ""AV_AI"".""NYPD_SHOOT_BOROUGH_AD""
    DIMENSION TYPE STANDARD
    USING ""NYPD_SHOOTING_INCIDENTS_2024"" AS ""NYPD_SHOOTING_INCIDENTS_2024""
    ATTRIBUTES (
      ""NYPD_SHOOTING_INCIDENTS_2024"".""BOROUGH"" AS ""BOROUGH""
        CLASSIFICATION ""CAPTION"" VALUE 'Borough')
    LEVEL ""BOROUGH""
      LEVEL TYPE STANDARD
      CLASSIFICATION ""CAPTION"" VALUE 'Borough'
      KEY (""BOROUGH"")
      MEMBER NAME TO_CHAR(""BOROUGH"")
      MEMBER CAPTION (borough)
      MEMBER DESCRIPTION (borough)
      ORDER BY MIN ""BOROUGH"" ASC NULLS LAST
    ALL
      MEMBER NAME 'ALL'
      MEMBER CAPTION 'Total'
      MEMBER DESCRIPTION 'Total'
    CACHE STAR USING ENFORCED CONSTRAINTS
      NONE"
"NYPD_SHOOT_HOUR_OF_DAY_AD","
  CREATE OR REPLACE FORCE EDITIONABLE ATTRIBUTE DIMENSION
    ""AV_AI"".""NYPD_SHOOT_HOUR_OF_DAY_AD""
    DIMENSION TYPE STANDARD
    USING ""NYPD_SHOOTING_INCIDENTS_2024"" AS ""NYPD_SHOOTING_INCIDENTS_2024""
    ATTRIBUTES (
      ""NYPD_SHOOTING_INCIDENTS_2024"".""HOUR_OF_DAY"" AS ""HOUR_OF_DAY""
        CLASSIFICATION ""CAPTION"" VALUE 'Hour of Day')
    LEVEL ""HOUR_OF_DAY""
      LEVEL TYPE STANDARD
      CLASSIFICATION ""CAPTION"" VALUE 'Hour of Day'
      KEY (""HOUR_OF_DAY"")
      MEMBER NAME TO_CHAR(""HOUR_OF_DAY"")
      MEMBER CAPTION (hour_of_day)
      MEMBER DESCRIPTION (hour_of_day)
      ORDER BY MIN ""HOUR_OF_DAY"" ASC NULLS LAST
    ALL
      MEMBER NAME 'ALL'
      MEMBER CAPTION 'Total'
      MEMBER DESCRIPTION 'Total'
    CACHE STAR USING ENFORCED CONSTRAINTS
      NONE"
"NYPD_SHOOT_INSIDE_OUTSIDE_AD","
  CREATE OR REPLACE FORCE EDITIONABLE ATTRIBUTE DIMENSION
    ""AV_AI"".""NYPD_SHOOT_INSIDE_OUTSIDE_AD""
    DIMENSION TYPE STANDARD
    USING ""NYPD_SHOOTING_INCIDENTS_2024"" AS ""NYPD_SHOOTING_INCIDENTS_2024""
    ATTRIBUTES (
      ""NYPD_SHOOTING_INCIDENTS_2024"".""INSIDE_OUTSIDE"" AS ""INSIDE_OUTSIDE""
        CLASSIFICATION ""CAPTION"" VALUE 'Inside-Outside')
    LEVEL ""INSIDE_OUTSIDE""
      LEVEL TYPE STANDARD
      CLASSIFICATION ""CAPTION"" VALUE 'Inside-Outside'
      KEY (""INSIDE_OUTSIDE"")
      MEMBER NAME TO_CHAR(""INSIDE_OUTSIDE"")
      MEMBER CAPTION (inside_outside)
      MEMBER DESCRIPTION (inside_outside)
      ORDER BY MIN ""INSIDE_OUTSIDE"" ASC NULLS LAST
    ALL
      MEMBER NAME 'ALL'
      MEMBER CAPTION 'Total'
      MEMBER DESCRIPTION 'Total'
    CACHE STAR USING ENFORCED CONSTRAINTS
      NONE"
"NYPD_SHOOT_JURISDICTION_CODE_AD","
  CREATE OR REPLACE FORCE EDITIONABLE ATTRIBUTE DIMENSION
    ""AV_AI"".""NYPD_SHOOT_JURISDICTION_CODE_AD""
    DIMENSION TYPE STANDARD
    USING ""NYPD_SHOOTING_INCIDENTS_2024"" AS ""NYPD_SHOOTING_INCIDENTS_2024""
    ATTRIBUTES (
      ""NYPD_SHOOTING_INCIDENTS_2024"".""JURISDICTION_CODE"" AS ""JURISDICTION_CODE""
        CLASSIFICATION ""CAPTION"" VALUE 'Jurisdiction Code')
    LEVEL ""JURISDICTION_CODE""
      LEVEL TYPE STANDARD
      CLASSIFICATION ""CAPTION"" VALUE 'Jurisdiction Code'
      KEY (""JURISDICTION_CODE"")
      MEMBER NAME TO_CHAR(""JURISDICTION_CODE"")
      MEMBER CAPTION (TO_CHAR(jurisdiction_code))
      MEMBER DESCRIPTION (TO_CHAR(jurisdiction_code))
      ORDER BY MIN ""JURISDICTION_CODE"" ASC NULLS LAST
    ALL
      MEMBER NAME 'ALL'
      MEMBER CAPTION 'Total'
      MEMBER DESCRIPTION 'Total'
    CACHE STAR USING ENFORCED CONSTRAINTS
      NONE"
"NYPD_SHOOT_LOCATION_CLASS_AD","
  CREATE OR REPLACE FORCE EDITIONABLE ATTRIBUTE DIMENSION
    ""AV_AI"".""NYPD_SHOOT_LOCATION_CLASS_AD""
    DIMENSION TYPE STANDARD
    USING ""NYPD_SHOOTING_INCIDENTS_2024"" AS ""NYPD_SHOOTING_INCIDENTS_2024""
    ATTRIBUTES (
      ""NYPD_SHOOTING_INCIDENTS_2024"".""LOCATION_CLASS"" AS ""LOCATION_CLASS""
        CLASSIFICATION ""CAPTION"" VALUE 'Location Class')
    LEVEL ""LOCATION_CLASS""
      LEVEL TYPE STANDARD
      CLASSIFICATION ""CAPTION"" VALUE 'Location Class'
      KEY (""LOCATION_CLASS"")
      MEMBER NAME TO_CHAR(""LOCATION_CLASS"")
      MEMBER CAPTION (location_class)
      MEMBER DESCRIPTION (location_class)
      ORDER BY MIN ""LOCATION_CLASS"" ASC NULLS LAST
    ALL
      MEMBER NAME 'ALL'
      MEMBER CAPTION 'Total'
      MEMBER DESCRIPTION 'Total'
    CACHE STAR USING ENFORCED CONSTRAINTS
      NONE"
"NYPD_SHOOT_LOCATION_TYPE_AD","
  CREATE OR REPLACE FORCE EDITIONABLE ATTRIBUTE DIMENSION
    ""AV_AI"".""NYPD_SHOOT_LOCATION_TYPE_AD""
    DIMENSION TYPE STANDARD
    USING ""NYPD_SHOOTING_INCIDENTS_2024"" AS ""NYPD_SHOOTING_INCIDENTS_2024""
    ATTRIBUTES (
      ""NYPD_SHOOTING_INCIDENTS_2024"".""LOCATION_TYPE"" AS ""LOCATION_TYPE""
        CLASSIFICATION ""CAPTION"" VALUE 'Location Type')
    LEVEL ""LOCATION_TYPE""
      LEVEL TYPE STANDARD
      CLASSIFICATION ""CAPTION"" VALUE 'Location Type'
      KEY (""LOCATION_TYPE"")
      MEMBER NAME TO_CHAR(""LOCATION_TYPE"")
      MEMBER CAPTION (location_type)
      MEMBER DESCRIPTION (location_type)
      ORDER BY MIN ""LOCATION_TYPE"" ASC NULLS LAST
    ALL
      MEMBER NAME 'ALL'
      MEMBER CAPTION 'Total'
      MEMBER DESCRIPTION 'Total'
    CACHE STAR USING ENFORCED CONSTRAINTS
      NONE"
"NYPD_SHOOT_MONTH_OF_YEAR_AD","
  CREATE OR REPLACE FORCE EDITIONABLE ATTRIBUTE DIMENSION
    ""AV_AI"".""NYPD_SHOOT_MONTH_OF_YEAR_AD""
    DIMENSION TYPE STANDARD
    USING ""NYPD_SHOOTING_INCIDENTS_2024"" AS ""NYPD_SHOOTING_INCIDENTS_2024""
    ATTRIBUTES (
      ""NYPD_SHOOTING_INCIDENTS_2024"".""MONTH_OF_YEAR"" AS ""MONTH_OF_YEAR""
        CLASSIFICATION ""CAPTION"" VALUE 'Month Of Year')
    LEVEL ""MONTH_OF_YEAR""
      LEVEL TYPE STANDARD
      CLASSIFICATION ""CAPTION"" VALUE 'Month Of Year'
      KEY (""MONTH_OF_YEAR"")
      MEMBER NAME TO_CHAR(""MONTH_OF_YEAR"")
      MEMBER CAPTION (month_of_year)
      MEMBER DESCRIPTION (month_of_year)
      ORDER BY MIN ""MONTH_OF_YEAR"" ASC NULLS LAST
    ALL
      MEMBER NAME 'ALL'
      MEMBER CAPTION 'Total'
      MEMBER DESCRIPTION 'Total'
    CACHE STAR USING ENFORCED CONSTRAINTS
      NONE"
"NYPD_SHOOT_PERPETRATOR_AGE_GROUP_AD","
  CREATE OR REPLACE FORCE EDITIONABLE ATTRIBUTE DIMENSION
    ""AV_AI"".""NYPD_SHOOT_PERPETRATOR_AGE_GROUP_AD""
    DIMENSION TYPE STANDARD
    USING ""NYPD_SHOOTING_INCIDENTS_2024"" AS ""NYPD_SHOOTING_INCIDENTS_2024""
    ATTRIBUTES (
      ""NYPD_SHOOTING_INCIDENTS_2024"".""PERPETRATOR_AGE_GROUP"" AS ""PERPETRATOR_AGE_GROUP""
        CLASSIFICATION ""CAPTION"" VALUE 'Perpetrator Age Group')
    LEVEL ""PERPETRATOR_AGE_GROUP""
      LEVEL TYPE STANDARD
      CLASSIFICATION ""CAPTION"" VALUE 'Perpetrator Age Group'
      KEY (""PERPETRATOR_AGE_GROUP"")
      MEMBER NAME TO_CHAR(""PERPETRATOR_AGE_GROUP"")
      MEMBER CAPTION (perpetrator_age_group)
      MEMBER DESCRIPTION (perpetrator_age_group)
      ORDER BY MIN ""PERPETRATOR_AGE_GROUP"" ASC NULLS LAST
    ALL
      MEMBER NAME 'ALL'
      MEMBER CAPTION 'Total'
      MEMBER DESCRIPTION 'Total'
    CACHE STAR USING ENFORCED CONSTRAINTS
      NONE"
"NYPD_SHOOT_PERPETRATOR_RACE_AD","
  CREATE OR REPLACE FORCE EDITIONABLE ATTRIBUTE DIMENSION
    ""AV_AI"".""NYPD_SHOOT_PERPETRATOR_RACE_AD""
    DIMENSION TYPE STANDARD
    USING ""NYPD_SHOOTING_INCIDENTS_2024"" AS ""NYPD_SHOOTING_INCIDENTS_2024""
    ATTRIBUTES (
      ""NYPD_SHOOTING_INCIDENTS_2024"".""PERPETRATOR_RACE"" AS ""PERPETRATOR_RACE""
        CLASSIFICATION ""CAPTION"" VALUE 'Perpetrator Race')
    LEVEL ""PERPETRATOR_RACE""
      LEVEL TYPE STANDARD
      CLASSIFICATION ""CAPTION"" VALUE 'Perpetrator Race'
      KEY (""PERPETRATOR_RACE"")
      MEMBER NAME TO_CHAR(""PERPETRATOR_RACE"")
      MEMBER CAPTION (perpetrator_race)
      MEMBER DESCRIPTION (perpetrator_race)
      ORDER BY MIN ""PERPETRATOR_RACE"" ASC NULLS LAST
    ALL
      MEMBER NAME 'ALL'
      MEMBER CAPTION 'Total'
      MEMBER DESCRIPTION 'Total'
    CACHE STAR USING ENFORCED CONSTRAINTS
      NONE"
"NYPD_SHOOT_PERPETRATOR_SEX_AD","
  CREATE OR REPLACE FORCE EDITIONABLE ATTRIBUTE DIMENSION
    ""AV_AI"".""NYPD_SHOOT_PERPETRATOR_SEX_AD""
    DIMENSION TYPE STANDARD
    USING ""NYPD_SHOOTING_INCIDENTS_2024"" AS ""NYPD_SHOOTING_INCIDENTS_2024""
    ATTRIBUTES (
      ""NYPD_SHOOTING_INCIDENTS_2024"".""PERPETRATOR_SEX"" AS ""PERPETRATOR_SEX""
        CLASSIFICATION ""CAPTION"" VALUE 'Perpetrator Sex')
    LEVEL ""PERPETRATOR_SEX""
      LEVEL TYPE STANDARD
      CLASSIFICATION ""CAPTION"" VALUE 'Perpetrator Sex'
      KEY (""PERPETRATOR_SEX"")
      MEMBER NAME TO_CHAR(""PERPETRATOR_SEX"")
      MEMBER CAPTION (perpetrator_sex)
      MEMBER DESCRIPTION (perpetrator_sex)
      ORDER BY MIN ""PERPETRATOR_SEX"" ASC NULLS LAST
    ALL
      MEMBER NAME 'ALL'
      MEMBER CAPTION 'Total'
      MEMBER DESCRIPTION 'Total'
    CACHE STAR USING ENFORCED CONSTRAINTS
      NONE"
"NYPD_SHOOT_PRECINCT_AD","
  CREATE OR REPLACE FORCE EDITIONABLE ATTRIBUTE DIMENSION
    ""AV_AI"".""NYPD_SHOOT_PRECINCT_AD""
    DIMENSION TYPE STANDARD
    USING ""NYPD_SHOOTING_INCIDENTS_2024"" AS ""NYPD_SHOOTING_INCIDENTS_2024""
    ATTRIBUTES (
      ""NYPD_SHOOTING_INCIDENTS_2024"".""PRECINCT"" AS ""PRECINCT""
        CLASSIFICATION ""CAPTION"" VALUE 'Precinct')
    LEVEL ""PRECINCT""
      LEVEL TYPE STANDARD
      CLASSIFICATION ""CAPTION"" VALUE 'Precinct'
      KEY (""PRECINCT"")
      MEMBER NAME TO_CHAR(""PRECINCT"")
      MEMBER CAPTION (TO_CHAR(precinct))
      MEMBER DESCRIPTION (TO_CHAR(precinct))
      ORDER BY MIN ""PRECINCT"" ASC NULLS LAST
    ALL
      MEMBER NAME 'ALL'
      MEMBER CAPTION 'Total'
      MEMBER DESCRIPTION 'Total'
    CACHE STAR USING ENFORCED CONSTRAINTS
      NONE"
"NYPD_SHOOT_STATISTICAL_MURDER_FLAG_AD","
  CREATE OR REPLACE FORCE EDITIONABLE ATTRIBUTE DIMENSION
    ""AV_AI"".""NYPD_SHOOT_STATISTICAL_MURDER_FLAG_AD""
    DIMENSION TYPE STANDARD
    USING ""NYPD_SHOOTING_INCIDENTS_2024"" AS ""NYPD_SHOOTING_INCIDENTS_2024""
    ATTRIBUTES (
      ""NYPD_SHOOTING_INCIDENTS_2024"".""STATISTICAL_MURDER_FLAG"" AS ""STATISTICAL_MURDER_FLAG""
        CLASSIFICATION ""CAPTION"" VALUE 'Statistical Murder Flag')
    LEVEL ""STATISTICAL_MURDER_FLAG""
      LEVEL TYPE STANDARD
      CLASSIFICATION ""CAPTION"" VALUE 'Statistical Murder Flag'
      KEY (""STATISTICAL_MURDER_FLAG"")
      MEMBER NAME TO_CHAR(""STATISTICAL_MURDER_FLAG"")
      MEMBER CAPTION (statistical_murder_flag)
      MEMBER DESCRIPTION (statistical_murder_flag)
      ORDER BY MIN ""STATISTICAL_MURDER_FLAG"" ASC NULLS LAST
    ALL
      MEMBER NAME 'ALL'
      MEMBER CAPTION 'Total'
      MEMBER DESCRIPTION 'Total'
    CACHE STAR USING ENFORCED CONSTRAINTS
      NONE"
"NYPD_SHOOT_TIME_AD","
  CREATE OR REPLACE FORCE EDITIONABLE ATTRIBUTE DIMENSION
    ""AV_AI"".""NYPD_SHOOT_TIME_AD""
    DIMENSION TYPE STANDARD
    USING ""NYPD_SHOOTING_INCIDENTS_2024"" AS ""NYPD_SHOOTING_INCIDENTS_2024""
    ATTRIBUTES (
      ""NYPD_SHOOTING_INCIDENTS_2024"".""MONTH"" AS ""MONTH""
        CLASSIFICATION ""CAPTION"" VALUE 'Month',
      ""NYPD_SHOOTING_INCIDENTS_2024"".""OCCURANCE_DATE"" AS ""OCCURANCE_DATE""
        CLASSIFICATION ""CAPTION"" VALUE 'Occurance Date')
    LEVEL ""MONTH""
      LEVEL TYPE STANDARD
      CLASSIFICATION ""CAPTION"" VALUE 'Month'
      KEY (""MONTH"")
      MEMBER NAME TO_CHAR(""MONTH"")
      MEMBER CAPTION (month)
      MEMBER DESCRIPTION (month)
      ORDER BY MIN ""MONTH"" ASC NULLS LAST
    LEVEL ""OCCURANCE_DATE""
      LEVEL TYPE STANDARD
      CLASSIFICATION ""CAPTION"" VALUE 'Occurance Date'
      KEY (""OCCURANCE_DATE"")
      MEMBER NAME TO_CHAR(""OCCURANCE_DATE"")
      MEMBER CAPTION TO_CHAR(occurance_date)
      MEMBER DESCRIPTION TO_CHAR(occurance_date)
      ORDER BY MIN ""OCCURANCE_DATE"" ASC NULLS LAST
      DETERMINES (""MONTH"")
    ALL
      MEMBER NAME 'ALL'
      MEMBER CAPTION 'Total'
      MEMBER DESCRIPTION 'Total'
    CACHE STAR USING ENFORCED CONSTRAINTS
      NONE"
"NYPD_SHOOT_VICTIM_AGE_GROUP_AD","
  CREATE OR REPLACE FORCE EDITIONABLE ATTRIBUTE DIMENSION
    ""AV_AI"".""NYPD_SHOOT_VICTIM_AGE_GROUP_AD""
    DIMENSION TYPE STANDARD
    USING ""NYPD_SHOOTING_INCIDENTS_2024"" AS ""NYPD_SHOOTING_INCIDENTS_2024""
    ATTRIBUTES (
      ""NYPD_SHOOTING_INCIDENTS_2024"".""VICTIM_AGE_GROUP"" AS ""VICTIM_AGE_GROUP""
        CLASSIFICATION ""CAPTION"" VALUE 'Victim Age Group')
    LEVEL ""VICTIM_AGE_GROUP""
      LEVEL TYPE STANDARD
      CLASSIFICATION ""CAPTION"" VALUE 'Victim Age Group'
      KEY (""VICTIM_AGE_GROUP"")
      MEMBER NAME TO_CHAR(""VICTIM_AGE_GROUP"")
      MEMBER CAPTION (victim_age_group)
      MEMBER DESCRIPTION (victim_age_group)
      ORDER BY MIN ""VICTIM_AGE_GROUP"" ASC NULLS LAST
    ALL
      MEMBER NAME 'ALL'
      MEMBER CAPTION 'Total'
      MEMBER DESCRIPTION 'Total'
    CACHE STAR USING ENFORCED CONSTRAINTS
      NONE"
"NYPD_SHOOT_VICTIM_RACE_AD","
  CREATE OR REPLACE FORCE EDITIONABLE ATTRIBUTE DIMENSION
    ""AV_AI"".""NYPD_SHOOT_VICTIM_RACE_AD""
    DIMENSION TYPE STANDARD
    USING ""NYPD_SHOOTING_INCIDENTS_2024"" AS ""NYPD_SHOOTING_INCIDENTS_2024""
    ATTRIBUTES (
      ""NYPD_SHOOTING_INCIDENTS_2024"".""VICTIM_RACE"" AS ""VICTIM_RACE""
        CLASSIFICATION ""CAPTION"" VALUE 'Victim Race')
    LEVEL ""VICTIM_RACE""
      LEVEL TYPE STANDARD
      CLASSIFICATION ""CAPTION"" VALUE 'Victim Race'
      KEY (""VICTIM_RACE"")
      MEMBER NAME TO_CHAR(""VICTIM_RACE"")
      MEMBER CAPTION (victim_race)
      MEMBER DESCRIPTION (victim_race)
      ORDER BY MIN ""VICTIM_RACE"" ASC NULLS LAST
    ALL
      MEMBER NAME 'ALL'
      MEMBER CAPTION 'Total'
      MEMBER DESCRIPTION 'Total'
    CACHE STAR USING ENFORCED CONSTRAINTS
      NONE"
"NYPD_SHOOT_VICTIM_SEX_AD","
  CREATE OR REPLACE FORCE EDITIONABLE ATTRIBUTE DIMENSION
    ""AV_AI"".""NYPD_SHOOT_VICTIM_SEX_AD""
    DIMENSION TYPE STANDARD
    USING ""NYPD_SHOOTING_INCIDENTS_2024"" AS ""NYPD_SHOOTING_INCIDENTS_2024""
    ATTRIBUTES (
      ""NYPD_SHOOTING_INCIDENTS_2024"".""VICTIM_SEX"" AS ""VICTIM_SEX""
        CLASSIFICATION ""CAPTION"" VALUE 'Victim Sex')
    LEVEL ""VICTIM_SEX""
      LEVEL TYPE STANDARD
      CLASSIFICATION ""CAPTION"" VALUE 'Victim Sex'
      KEY (""VICTIM_SEX"")
      MEMBER NAME TO_CHAR(""VICTIM_SEX"")
      MEMBER CAPTION (victim_sex)
      MEMBER DESCRIPTION (victim_sex)
      ORDER BY MIN ""VICTIM_SEX"" ASC NULLS LAST
    ALL
      MEMBER NAME 'ALL'
      MEMBER CAPTION 'Total'
      MEMBER DESCRIPTION 'Total'
    CACHE STAR USING ENFORCED CONSTRAINTS
      NONE"
"NYS_FP_CATEGORY_AD","
  CREATE OR REPLACE FORCE EDITIONABLE ATTRIBUTE DIMENSION
    ""AV_AI"".""NYS_FP_CATEGORY_AD""
    DIMENSION TYPE STANDARD
    USING ""NYS_SPENDING_T"" AS ""NYS_SPENDING_T""
    ATTRIBUTES (
      ""NYS_SPENDING_T"".""FINANCIAL_PLAN_CATEGORY"" AS ""FINANCIAL_PLAN_CATEGORY""
        CLASSIFICATION ""CAPTION"" VALUE 'Fp Category')
    LEVEL ""FINANCIAL_PLAN_CATEGORY""
      LEVEL TYPE STANDARD
      CLASSIFICATION ""CAPTION"" VALUE 'Fp Category'
      KEY (""FINANCIAL_PLAN_CATEGORY"")
      MEMBER NAME TO_CHAR(""FINANCIAL_PLAN_CATEGORY"")
      MEMBER CAPTION (financial_plan_category)
      MEMBER DESCRIPTION (financial_plan_category)
      ORDER BY MIN ""FINANCIAL_PLAN_CATEGORY"" ASC NULLS LAST
    ALL
      MEMBER NAME 'ALL'
      MEMBER CAPTION 'Total'
      MEMBER DESCRIPTION 'Total'
    CACHE STAR USING ENFORCED CONSTRAINTS
      NONE"
"NYS_FUNCTION_AD","
  CREATE OR REPLACE FORCE EDITIONABLE ATTRIBUTE DIMENSION
    ""AV_AI"".""NYS_FUNCTION_AD""
    DIMENSION TYPE STANDARD
    USING ""NYS_SPENDING_T"" AS ""NYS_SPENDING_T""
    ATTRIBUTES (
      ""NYS_SPENDING_T"".""FUNCTION"" AS ""FUNCTION""
        CLASSIFICATION ""CAPTION"" VALUE 'Function',
      ""NYS_SPENDING_T"".""AGENCY"" AS ""AGENCY""
        CLASSIFICATION ""CAPTION"" VALUE 'Agency')
    LEVEL ""FUNCTION""
      LEVEL TYPE STANDARD
      CLASSIFICATION ""CAPTION"" VALUE 'Function'
      KEY (""FUNCTION"")
      MEMBER NAME TO_CHAR(""FUNCTION"")
      MEMBER CAPTION (function)
      MEMBER DESCRIPTION (function)
      ORDER BY MIN ""FUNCTION"" ASC NULLS LAST
    LEVEL ""AGENCY""
      LEVEL TYPE STANDARD
      CLASSIFICATION ""CAPTION"" VALUE 'Agency'
      KEY (""AGENCY"")
      MEMBER NAME TO_CHAR(""AGENCY"")
      MEMBER CAPTION (agency)
      MEMBER DESCRIPTION (agency)
      ORDER BY MIN ""AGENCY"" ASC NULLS LAST
      DETERMINES (""FUNCTION"")
    ALL
      MEMBER NAME 'ALL FUNCTIONS'
      MEMBER CAPTION 'Total'
      MEMBER DESCRIPTION 'Total'
    CACHE STAR USING ENFORCED CONSTRAINTS
      NONE"
"NYS_FUND_AD","
  CREATE OR REPLACE FORCE EDITIONABLE ATTRIBUTE DIMENSION ""AV_AI"".""NYS_FUND_AD""
    DIMENSION TYPE STANDARD
    USING ""NYS_SPENDING_T"" AS ""NYS_SPENDING_T""
    ATTRIBUTES (
      ""NYS_SPENDING_T"".""FUND_TYPE"" AS ""FUND_TYPE""
        CLASSIFICATION ""CAPTION"" VALUE 'Fund Type',
      ""NYS_SPENDING_T"".""FUND"" AS ""FUND""
        CLASSIFICATION ""CAPTION"" VALUE 'Fund',
      ""NYS_SPENDING_T"".""SUBFUND"" AS ""SUBFUND""
        CLASSIFICATION ""CAPTION"" VALUE 'Subfund',
      ""NYS_SPENDING_T"".""SUBFUND_NAME"" AS ""SUBFUND_NAME""
        CLASSIFICATION ""CAPTION"" VALUE 'Subfund Name')
    LEVEL ""FUND_TYPE""
      LEVEL TYPE STANDARD
      CLASSIFICATION ""CAPTION"" VALUE 'Fund Type'
      KEY (""FUND_TYPE"")
      MEMBER NAME TO_CHAR(""FUND_TYPE"")
      MEMBER CAPTION (fund_type)
      MEMBER DESCRIPTION (fund_type)
      ORDER BY MIN ""FUND_TYPE"" ASC NULLS LAST
    LEVEL ""FUND""
      LEVEL TYPE STANDARD
      CLASSIFICATION ""CAPTION"" VALUE 'Fund'
      KEY (""FUND"")
      MEMBER NAME TO_CHAR(""FUND"")
      MEMBER CAPTION (fund)
      MEMBER DESCRIPTION (fund)
      ORDER BY MIN ""FUND"" ASC NULLS LAST
      DETERMINES (""FUND_TYPE"")
    LEVEL ""SUBFUND""
      LEVEL TYPE STANDARD
      CLASSIFICATION ""CAPTION"" VALUE 'Subfund'
      KEY (""SUBFUND"")
      MEMBER NAME TO_CHAR(""SUBFUND"")
      MEMBER CAPTION (subfund_name)
      MEMBER DESCRIPTION (subfund_name)
      ORDER BY MIN ""SUBFUND"" ASC NULLS LAST
      DETERMINES (""FUND"", ""SUBFUND_NAME"")
    ALL
      MEMBER NAME 'ALL FUNDS'
      MEMBER CAPTION 'Total'
      MEMBER DESCRIPTION 'Total'
    CACHE STAR USING ENFORCED CONSTRAINTS
      NONE"
"NYS_YEAR_AD","
  CREATE OR REPLACE FORCE EDITIONABLE ATTRIBUTE DIMENSION ""AV_AI"".""NYS_YEAR_AD""
    DIMENSION TYPE STANDARD
    USING ""NYS_SPENDING_T"" AS ""NYS_SPENDING_T""
    ATTRIBUTES (
      ""NYS_SPENDING_T"".""YEAR"" AS ""YEAR""
        CLASSIFICATION ""CAPTION"" VALUE 'Year')
    LEVEL ""YEAR""
      LEVEL TYPE STANDARD
      CLASSIFICATION ""CAPTION"" VALUE 'Year'
      KEY (""YEAR"")
      MEMBER NAME TO_CHAR(""YEAR"")
      MEMBER CAPTION (year)
      MEMBER DESCRIPTION (year)
      ORDER BY MIN ""YEAR"" ASC NULLS LAST
    ALL
      MEMBER NAME 'ALL'
      MEMBER CAPTION 'Total'
      MEMBER DESCRIPTION 'Total'
    CACHE STAR USING ENFORCED CONSTRAINTS
      NONE"
"OTP_ARRIVAL_DELAY_GROUP_AD","
  CREATE OR REPLACE FORCE EDITIONABLE ATTRIBUTE DIMENSION
    ""AV_AI"".""OTP_ARRIVAL_DELAY_GROUP_AD""
    DIMENSION TYPE STANDARD
    USING ""ONTIME_PERFORMANCE"" AS ""ONTIME_PERFORMANCE""
    ATTRIBUTES (
      ""ONTIME_PERFORMANCE"".""ARRIVAL_DELAY_GROUP"" AS ""ARRIVAL_DELAY_GROUP""
        CLASSIFICATION ""CAPTION"" VALUE 'Arrival Delay Group')
    LEVEL ""ARRIVAL_DELAY_GROUP""
      LEVEL TYPE STANDARD
      CLASSIFICATION ""CAPTION"" VALUE 'Arrival Delay Group'
      KEY (""ARRIVAL_DELAY_GROUP"")
      MEMBER NAME TO_CHAR(""ARRIVAL_DELAY_GROUP"")
      MEMBER CAPTION (arrival_delay_group)
      MEMBER DESCRIPTION (arrival_delay_group)
      ORDER BY MIN ""ARRIVAL_DELAY_GROUP"" ASC NULLS LAST
    ALL
      MEMBER NAME 'ALL'
      MEMBER CAPTION 'Total'
      MEMBER DESCRIPTION 'Total'
    CACHE STAR USING ENFORCED CONSTRAINTS
      NONE"
"OTP_ARRIVAL_STATUS_AD","
  CREATE OR REPLACE FORCE EDITIONABLE ATTRIBUTE DIMENSION
    ""AV_AI"".""OTP_ARRIVAL_STATUS_AD""
    DIMENSION TYPE STANDARD
    USING ""ONTIME_PERFORMANCE"" AS ""ONTIME_PERFORMANCE""
    ATTRIBUTES (
      ""ONTIME_PERFORMANCE"".""ARRIVAL_STATUS"" AS ""ARRIVAL_STATUS""
        CLASSIFICATION ""CAPTION"" VALUE 'Arrival Status')
    LEVEL ""ARRIVAL_STATUS""
      LEVEL TYPE STANDARD
      CLASSIFICATION ""CAPTION"" VALUE 'Arrival Status'
      KEY (""ARRIVAL_STATUS"")
      MEMBER NAME TO_CHAR(""ARRIVAL_STATUS"")
      MEMBER CAPTION (arrival_status)
      MEMBER DESCRIPTION (arrival_status)
      ORDER BY MIN ""ARRIVAL_STATUS"" ASC NULLS LAST
    ALL
      MEMBER NAME 'ALL'
      MEMBER CAPTION 'Total'
      MEMBER DESCRIPTION 'Total'
    CACHE STAR USING ENFORCED CONSTRAINTS
      NONE"
"OTP_DAY_OF_WEEK_AD","
  CREATE OR REPLACE FORCE EDITIONABLE ATTRIBUTE DIMENSION
    ""AV_AI"".""OTP_DAY_OF_WEEK_AD""
    DIMENSION TYPE STANDARD
    USING ""ONTIME_PERFORMANCE"" AS ""ONTIME_PERFORMANCE""
    ATTRIBUTES (
      ""ONTIME_PERFORMANCE"".""DAY_OF_WEEK"" AS ""DAY_OF_WEEK""
        CLASSIFICATION ""CAPTION"" VALUE 'Day Of Week')
    LEVEL ""DAY_OF_WEEK""
      LEVEL TYPE STANDARD
      CLASSIFICATION ""CAPTION"" VALUE 'Day Of Week'
      KEY (""DAY_OF_WEEK"")
      MEMBER NAME TO_CHAR(""DAY_OF_WEEK"")
      MEMBER CAPTION (day_of_week)
      MEMBER DESCRIPTION (day_of_week)
      ORDER BY MIN ""DAY_OF_WEEK"" ASC NULLS LAST
    ALL
      MEMBER NAME 'ALL'
      MEMBER CAPTION 'Total'
      MEMBER DESCRIPTION 'Total'
    CACHE STAR USING ENFORCED CONSTRAINTS
      NONE"
"OTP_DEPARTURE_DELAY_GROUP_AD","
  CREATE OR REPLACE FORCE EDITIONABLE ATTRIBUTE DIMENSION
    ""AV_AI"".""OTP_DEPARTURE_DELAY_GROUP_AD""
    DIMENSION TYPE STANDARD
    USING ""ONTIME_PERFORMANCE"" AS ""ONTIME_PERFORMANCE""
    ATTRIBUTES (
      ""ONTIME_PERFORMANCE"".""DEPARTURE_DELAY_GROUP"" AS ""DEPARTURE_DELAY_GROUP""
        CLASSIFICATION ""CAPTION"" VALUE 'Departure Delay Group')
    LEVEL ""DEPARTURE_DELAY_GROUP""
      LEVEL TYPE STANDARD
      CLASSIFICATION ""CAPTION"" VALUE 'Departure Delay Group'
      KEY (""DEPARTURE_DELAY_GROUP"")
      MEMBER NAME TO_CHAR(""DEPARTURE_DELAY_GROUP"")
      MEMBER CAPTION (departure_delay_group)
      MEMBER DESCRIPTION (departure_delay_group)
      ORDER BY MIN ""DEPARTURE_DELAY_GROUP"" ASC NULLS LAST
    ALL
      MEMBER NAME 'ALL'
      MEMBER CAPTION 'Total'
      MEMBER DESCRIPTION 'Total'
    CACHE STAR USING ENFORCED CONSTRAINTS
      NONE"
"OTP_DEPARTURE_STATUS_AD","
  CREATE OR REPLACE FORCE EDITIONABLE ATTRIBUTE DIMENSION
    ""AV_AI"".""OTP_DEPARTURE_STATUS_AD""
    DIMENSION TYPE STANDARD
    USING ""ONTIME_PERFORMANCE"" AS ""ONTIME_PERFORMANCE""
    ATTRIBUTES (
      ""ONTIME_PERFORMANCE"".""DEPARTURE_STATUS"" AS ""DEPARTURE_STATUS""
        CLASSIFICATION ""CAPTION"" VALUE 'Departure Status')
    LEVEL ""DEPARTURE_STATUS""
      LEVEL TYPE STANDARD
      CLASSIFICATION ""CAPTION"" VALUE 'Departure Status'
      KEY (""DEPARTURE_STATUS"")
      MEMBER NAME TO_CHAR(""DEPARTURE_STATUS"")
      MEMBER CAPTION (departure_status)
      MEMBER DESCRIPTION (departure_status)
      ORDER BY MIN ""DEPARTURE_STATUS"" ASC NULLS LAST
    ALL
      MEMBER NAME 'ALL'
      MEMBER CAPTION 'Total'
      MEMBER DESCRIPTION 'Total'
    CACHE STAR USING ENFORCED CONSTRAINTS
      NONE"
"OTP_DESTINATION_AD","
  CREATE OR REPLACE FORCE EDITIONABLE ATTRIBUTE DIMENSION
    ""AV_AI"".""OTP_DESTINATION_AD""
    DIMENSION TYPE STANDARD
    USING ""ONTIME_PERFORMANCE"" AS ""ONTIME_PERFORMANCE""
    ATTRIBUTES (
      ""ONTIME_PERFORMANCE"".""DESTINATION_STATE"" AS ""DESTINATION_STATE""
        CLASSIFICATION ""CAPTION"" VALUE 'Destination State',
      ""ONTIME_PERFORMANCE"".""DESTINATION_CITY"" AS ""DESTINATION_CITY""
        CLASSIFICATION ""CAPTION"" VALUE 'Destination City',
      ""ONTIME_PERFORMANCE"".""DESTINATION_AIRPORT"" AS ""DESTINATION_AIRPORT""
        CLASSIFICATION ""CAPTION"" VALUE 'Destination Airport')
    LEVEL ""DESTINATION_STATE""
      LEVEL TYPE STANDARD
      CLASSIFICATION ""CAPTION"" VALUE 'Destination State'
      KEY (""DESTINATION_STATE"")
      MEMBER NAME TO_CHAR(""DESTINATION_STATE"")
      MEMBER CAPTION (destination_state)
      MEMBER DESCRIPTION (destination_state)
      ORDER BY MIN ""DESTINATION_STATE"" ASC NULLS LAST
    LEVEL ""DESTINATION_CITY""
      LEVEL TYPE STANDARD
      CLASSIFICATION ""CAPTION"" VALUE 'Destination City'
      KEY (""DESTINATION_CITY"")
      MEMBER NAME TO_CHAR(""DESTINATION_CITY"")
      MEMBER CAPTION (destination_city)
      MEMBER DESCRIPTION (destination_city)
      ORDER BY MIN ""DESTINATION_CITY"" ASC NULLS LAST
      DETERMINES (""DESTINATION_STATE"")
    LEVEL ""DESTINATION_AIRPORT""
      LEVEL TYPE STANDARD
      CLASSIFICATION ""CAPTION"" VALUE 'Destination Airport'
      KEY (""DESTINATION_AIRPORT"")
      MEMBER NAME TO_CHAR(""DESTINATION_AIRPORT"")
      MEMBER CAPTION (destination_airport)
      MEMBER DESCRIPTION (destination_airport)
      ORDER BY MIN ""DESTINATION_AIRPORT"" ASC NULLS LAST
      DETERMINES (""DESTINATION_CITY"")
    ALL
      MEMBER NAME 'ALL'
      MEMBER CAPTION 'Total'
      MEMBER DESCRIPTION 'Total'
    CACHE STAR USING ENFORCED CONSTRAINTS
      NONE"
"OTP_DESTINATION_CITY_MARKET_AD","
  CREATE OR REPLACE FORCE EDITIONABLE ATTRIBUTE DIMENSION
    ""AV_AI"".""OTP_DESTINATION_CITY_MARKET_AD""
    DIMENSION TYPE STANDARD
    USING ""ONTIME_PERFORMANCE"" AS ""ONTIME_PERFORMANCE""
    ATTRIBUTES (
      ""ONTIME_PERFORMANCE"".""DESTINATION_CITY_MARKET"" AS ""DESTINATION_CITY_MARKET""
        CLASSIFICATION ""CAPTION"" VALUE 'Destination City Market')
    LEVEL ""DESTINATION_CITY_MARKET""
      LEVEL TYPE STANDARD
      CLASSIFICATION ""CAPTION"" VALUE 'Destination City Market'
      KEY (""DESTINATION_CITY_MARKET"")
      MEMBER NAME TO_CHAR(""DESTINATION_CITY_MARKET"")
      MEMBER CAPTION (destination_city_market)
      MEMBER DESCRIPTION (destination_city_market)
      ORDER BY MIN ""DESTINATION_CITY_MARKET"" ASC NULLS LAST
    ALL
      MEMBER NAME 'ALL'
      MEMBER CAPTION 'Total'
      MEMBER DESCRIPTION 'Total'
    CACHE STAR USING ENFORCED CONSTRAINTS
      NONE"
"OTP_ORIGIN_AD","
  CREATE OR REPLACE FORCE EDITIONABLE ATTRIBUTE DIMENSION ""AV_AI"".""OTP_ORIGIN_AD""
    DIMENSION TYPE STANDARD
    USING ""ONTIME_PERFORMANCE"" AS ""ONTIME_PERFORMANCE""
    ATTRIBUTES (
      ""ONTIME_PERFORMANCE"".""ORIGIN_STATE"" AS ""ORIGIN_STATE""
        CLASSIFICATION ""CAPTION"" VALUE 'Origin State',
      ""ONTIME_PERFORMANCE"".""ORIGIN_CITY"" AS ""ORIGIN_CITY""
        CLASSIFICATION ""CAPTION"" VALUE 'Origin City',
      ""ONTIME_PERFORMANCE"".""ORIGIN_AIRPORT"" AS ""ORIGIN_AIRPORT""
        CLASSIFICATION ""CAPTION"" VALUE 'Origin Airport')
    LEVEL ""ORIGIN_STATE""
      LEVEL TYPE STANDARD
      CLASSIFICATION ""CAPTION"" VALUE 'Origin State'
      KEY (""ORIGIN_STATE"")
      MEMBER NAME TO_CHAR(""ORIGIN_STATE"")
      MEMBER CAPTION (origin_state)
      MEMBER DESCRIPTION (origin_state)
      ORDER BY MIN ""ORIGIN_STATE"" ASC NULLS LAST
    LEVEL ""ORIGIN_CITY""
      LEVEL TYPE STANDARD
      CLASSIFICATION ""CAPTION"" VALUE 'Origin City'
      KEY (""ORIGIN_CITY"")
      MEMBER NAME TO_CHAR(""ORIGIN_CITY"")
      MEMBER CAPTION (origin_city)
      MEMBER DESCRIPTION (origin_city)
      ORDER BY MIN ""ORIGIN_CITY"" ASC NULLS LAST
      DETERMINES (""ORIGIN_STATE"")
    LEVEL ""ORIGIN_AIRPORT""
      LEVEL TYPE STANDARD
      CLASSIFICATION ""CAPTION"" VALUE 'Origin Airport'
      KEY (""ORIGIN_AIRPORT"")
      MEMBER NAME TO_CHAR(""ORIGIN_AIRPORT"")
      MEMBER CAPTION (origin_airport)
      MEMBER DESCRIPTION (origin_airport)
      ORDER BY MIN ""ORIGIN_AIRPORT"" ASC NULLS LAST
      DETERMINES (""ORIGIN_CITY"")
    ALL
      MEMBER NAME 'ALL'
      MEMBER CAPTION 'Total'
      MEMBER DESCRIPTION 'Total'
    CACHE STAR USING ENFORCED CONSTRAINTS
      NONE"
"OTP_ORIGIN_CITY_MARKET_AD","
  CREATE OR REPLACE FORCE EDITIONABLE ATTRIBUTE DIMENSION
    ""AV_AI"".""OTP_ORIGIN_CITY_MARKET_AD""
    DIMENSION TYPE STANDARD
    USING ""ONTIME_PERFORMANCE"" AS ""ONTIME_PERFORMANCE""
    ATTRIBUTES (
      ""ONTIME_PERFORMANCE"".""ORIGIN_CITY_MARKET"" AS ""ORIGIN_CITY_MARKET""
        CLASSIFICATION ""CAPTION"" VALUE 'Origin City Market')
    LEVEL ""ORIGIN_CITY_MARKET""
      LEVEL TYPE STANDARD
      CLASSIFICATION ""CAPTION"" VALUE 'Origin City Market'
      KEY (""ORIGIN_CITY_MARKET"")
      MEMBER NAME TO_CHAR(""ORIGIN_CITY_MARKET"")
      MEMBER CAPTION (origin_city_market)
      MEMBER DESCRIPTION (origin_city_market)
      ORDER BY MIN ""ORIGIN_CITY_MARKET"" ASC NULLS LAST
    ALL
      MEMBER NAME 'ALL'
      MEMBER CAPTION 'Total'
      MEMBER DESCRIPTION 'Total'
    CACHE STAR USING ENFORCED CONSTRAINTS
      NONE"
"OTP_REPORTING_AIRLINE_AD","
  CREATE OR REPLACE FORCE EDITIONABLE ATTRIBUTE DIMENSION
    ""AV_AI"".""OTP_REPORTING_AIRLINE_AD""
    DIMENSION TYPE STANDARD
    USING ""ONTIME_PERFORMANCE"" AS ""ONTIME_PERFORMANCE""
    ATTRIBUTES (
      ""ONTIME_PERFORMANCE"".""REPORTING_AIRLINE"" AS ""REPORTING_AIRLINE""
        CLASSIFICATION ""CAPTION"" VALUE 'Reporting Airline')
    LEVEL ""REPORTING_AIRLINE""
      LEVEL TYPE STANDARD
      CLASSIFICATION ""CAPTION"" VALUE 'Reporting Airline'
      KEY (""REPORTING_AIRLINE"")
      MEMBER NAME TO_CHAR(""REPORTING_AIRLINE"")
      MEMBER CAPTION (reporting_airline)
      MEMBER DESCRIPTION (reporting_airline)
      ORDER BY MIN ""REPORTING_AIRLINE"" ASC NULLS LAST
    ALL
      MEMBER NAME 'ALL'
      MEMBER CAPTION 'Total'
      MEMBER DESCRIPTION 'Total'
    CACHE STAR USING ENFORCED CONSTRAINTS
      NONE"
"OTP_SCHEDULED_ARRIVAL_HOUR_AD","
  CREATE OR REPLACE FORCE EDITIONABLE ATTRIBUTE DIMENSION
    ""AV_AI"".""OTP_SCHEDULED_ARRIVAL_HOUR_AD""
    DIMENSION TYPE STANDARD
    USING ""ONTIME_PERFORMANCE"" AS ""ONTIME_PERFORMANCE""
    ATTRIBUTES (
      ""ONTIME_PERFORMANCE"".""SCHEDULED_ARRIVAL_HOUR"" AS ""SCHEDULED_ARRIVAL_HOUR""
        CLASSIFICATION ""CAPTION"" VALUE 'Scheduled Arrival Hour')
    LEVEL ""SCHEDULED_ARRIVAL_HOUR""
      LEVEL TYPE STANDARD
      CLASSIFICATION ""CAPTION"" VALUE 'Scheduled Arrival Hour'
      KEY (""SCHEDULED_ARRIVAL_HOUR"")
      MEMBER NAME TO_CHAR(""SCHEDULED_ARRIVAL_HOUR"")
      MEMBER CAPTION (scheduled_arrival_hour)
      MEMBER DESCRIPTION (scheduled_arrival_hour)
      ORDER BY MIN ""SCHEDULED_ARRIVAL_HOUR"" ASC NULLS LAST
    ALL
      MEMBER NAME 'ALL'
      MEMBER CAPTION 'Total'
      MEMBER DESCRIPTION 'Total'
    CACHE STAR USING ENFORCED CONSTRAINTS
      NONE"
"OTP_SCHEDULED_DEPARTURE_HOUR_AD","
  CREATE OR REPLACE FORCE EDITIONABLE ATTRIBUTE DIMENSION
    ""AV_AI"".""OTP_SCHEDULED_DEPARTURE_HOUR_AD""
    DIMENSION TYPE STANDARD
    USING ""ONTIME_PERFORMANCE"" AS ""ONTIME_PERFORMANCE""
    ATTRIBUTES (
      ""ONTIME_PERFORMANCE"".""SCHEDULED_DEPARTURE_HOUR"" AS ""SCHEDULED_DEPARTURE_HOUR""
        CLASSIFICATION ""CAPTION"" VALUE 'Scheduled Departure Hour')
    LEVEL ""SCHEDULED_DEPARTURE_HOUR""
      LEVEL TYPE STANDARD
      CLASSIFICATION ""CAPTION"" VALUE 'Scheduled Departure Hour'
      KEY (""SCHEDULED_DEPARTURE_HOUR"")
      MEMBER NAME TO_CHAR(""SCHEDULED_DEPARTURE_HOUR"")
      MEMBER CAPTION (scheduled_departure_hour)
      MEMBER DESCRIPTION (scheduled_departure_hour)
      ORDER BY MIN ""SCHEDULED_DEPARTURE_HOUR"" ASC NULLS LAST
    ALL
      MEMBER NAME 'ALL'
      MEMBER CAPTION 'Total'
      MEMBER DESCRIPTION 'Total'
    CACHE STAR USING ENFORCED CONSTRAINTS
      NONE"
"OTP_TIME_AD","
  CREATE OR REPLACE FORCE EDITIONABLE ATTRIBUTE DIMENSION ""AV_AI"".""OTP_TIME_AD""
    DIMENSION TYPE STANDARD
    USING ""ONTIME_PERFORMANCE"" AS ""ONTIME_PERFORMANCE""
    ATTRIBUTES (
      ""ONTIME_PERFORMANCE"".""YEAR"" AS ""YEAR""
        CLASSIFICATION ""CAPTION"" VALUE 'Year',
      ""ONTIME_PERFORMANCE"".""QUARTER"" AS ""QUARTER""
        CLASSIFICATION ""CAPTION"" VALUE 'Quarter',
      ""ONTIME_PERFORMANCE"".""MONTH"" AS ""MONTH""
        CLASSIFICATION ""CAPTION"" VALUE 'Month',
      ""ONTIME_PERFORMANCE"".""FLIGHT_DATE"" AS ""FLIGHT_DATE""
        CLASSIFICATION ""CAPTION"" VALUE 'Flight Date')
    LEVEL ""YEAR""
      LEVEL TYPE STANDARD
      CLASSIFICATION ""CAPTION"" VALUE 'Year'
      KEY (""YEAR"")
      MEMBER NAME TO_CHAR(""YEAR"")
      MEMBER CAPTION (year)
      MEMBER DESCRIPTION (year)
      ORDER BY MIN ""YEAR"" ASC NULLS LAST
    LEVEL ""QUARTER""
      LEVEL TYPE STANDARD
      CLASSIFICATION ""CAPTION"" VALUE 'Quarter'
      KEY (""QUARTER"")
      MEMBER NAME TO_CHAR(""QUARTER"")
      MEMBER CAPTION (quarter)
      MEMBER DESCRIPTION (quarter)
      ORDER BY MIN ""QUARTER"" ASC NULLS LAST
      DETERMINES (""YEAR"")
    LEVEL ""MONTH""
      LEVEL TYPE STANDARD
      CLASSIFICATION ""CAPTION"" VALUE 'Month'
      KEY (""MONTH"")
      MEMBER NAME TO_CHAR(""MONTH"")
      MEMBER CAPTION (month)
      MEMBER DESCRIPTION (month)
      ORDER BY MIN ""MONTH"" ASC NULLS LAST
      DETERMINES (""QUARTER"")
    LEVEL ""FLIGHT_DATE""
      LEVEL TYPE STANDARD
      CLASSIFICATION ""CAPTION"" VALUE 'Flight Date'
      KEY (""FLIGHT_DATE"")
      MEMBER NAME TO_CHAR(""FLIGHT_DATE"")
      MEMBER CAPTION (TO_CHAR(flight_date))
      MEMBER DESCRIPTION (TO_CHAR(flight_date))
      ORDER BY MIN ""FLIGHT_DATE"" ASC NULLS LAST
      DETERMINES (""MONTH"")
    ALL
      MEMBER NAME 'ALL'
      MEMBER CAPTION 'Total'
      MEMBER DESCRIPTION 'Total'
    CACHE STAR USING ENFORCED CONSTRAINTS
      NONE"
"SAHIE_AGE_BAND_AD","
  CREATE OR REPLACE FORCE EDITIONABLE ATTRIBUTE DIMENSION
    ""AV_AI"".""SAHIE_AGE_BAND_AD""
    DIMENSION TYPE STANDARD
    USING
      ""SMALL_AREA_HEALTH_INSURANCE_ESTIMATES"" AS ""SMALL_AREA_HEALTH_INSURANCE_ESTIMATES""
    ATTRIBUTES (
      ""SMALL_AREA_HEALTH_INSURANCE_ESTIMATES"".""AGE_BAND"" AS ""AGE_BAND""
        CLASSIFICATION ""CAPTION"" VALUE 'Age Band')
    LEVEL ""AGE_BAND""
      LEVEL TYPE STANDARD
      CLASSIFICATION ""CAPTION"" VALUE 'Age Band'
      KEY (""AGE_BAND"")
      MEMBER NAME TO_CHAR(""AGE_BAND"")
      MEMBER CAPTION (age_band)
      MEMBER DESCRIPTION (age_band)
      ORDER BY MIN ""AGE_BAND"" ASC NULLS LAST
    ALL
      MEMBER NAME 'ALL'
      MEMBER CAPTION 'Total'
      MEMBER DESCRIPTION 'Total'
    CACHE STAR USING ENFORCED CONSTRAINTS
      NONE"
"SAHIE_GENDER_AD","
  CREATE OR REPLACE FORCE EDITIONABLE ATTRIBUTE DIMENSION
    ""AV_AI"".""SAHIE_GENDER_AD""
    DIMENSION TYPE STANDARD
    USING
      ""SMALL_AREA_HEALTH_INSURANCE_ESTIMATES"" AS ""SMALL_AREA_HEALTH_INSURANCE_ESTIMATES""
    ATTRIBUTES (
      ""SMALL_AREA_HEALTH_INSURANCE_ESTIMATES"".""GENDER"" AS ""GENDER""
        CLASSIFICATION ""CAPTION"" VALUE 'Gender')
    LEVEL ""GENDER""
      LEVEL TYPE STANDARD
      CLASSIFICATION ""CAPTION"" VALUE 'Gender'
      KEY (""GENDER"")
      MEMBER NAME TO_CHAR(""GENDER"")
      MEMBER CAPTION (gender)
      MEMBER DESCRIPTION (gender)
      ORDER BY MIN ""GENDER"" ASC NULLS LAST
    ALL
      MEMBER NAME 'ALL'
      MEMBER CAPTION 'Total'
      MEMBER DESCRIPTION 'Total'
    CACHE STAR USING ENFORCED CONSTRAINTS
      NONE"
"SAHIE_GEOGRAPHY_AD","
  CREATE OR REPLACE FORCE EDITIONABLE ATTRIBUTE DIMENSION
    ""AV_AI"".""SAHIE_GEOGRAPHY_AD""
    DIMENSION TYPE STANDARD
    USING
      ""SMALL_AREA_HEALTH_INSURANCE_ESTIMATES"" AS ""SMALL_AREA_HEALTH_INSURANCE_ESTIMATES""
    ATTRIBUTES (
      ""SMALL_AREA_HEALTH_INSURANCE_ESTIMATES"".""STATE_NAME"" AS ""STATE""
        CLASSIFICATION ""CAPTION"" VALUE 'State Name',
      ""SMALL_AREA_HEALTH_INSURANCE_ESTIMATES"".""COUNTY_NAME"" AS ""COUNTY""
        CLASSIFICATION ""CAPTION"" VALUE 'County Name')
    LEVEL ""STATE""
      LEVEL TYPE STANDARD
      CLASSIFICATION ""CAPTION"" VALUE 'State'
      KEY (""STATE"")
      MEMBER NAME TO_CHAR(""STATE"")
      MEMBER CAPTION (state)
      MEMBER DESCRIPTION (state)
      ORDER BY MIN ""STATE"" ASC NULLS LAST
    LEVEL ""COUNTY""
      LEVEL TYPE STANDARD
      CLASSIFICATION ""CAPTION"" VALUE 'County'
      KEY (""COUNTY"")
      MEMBER NAME TO_CHAR(""COUNTY"")
      MEMBER CAPTION (county)
      MEMBER DESCRIPTION (county)
      ORDER BY MIN ""COUNTY"" ASC NULLS LAST
      DETERMINES (""STATE"")
    ALL
      MEMBER NAME 'ALL'
      MEMBER CAPTION 'Total'
      MEMBER DESCRIPTION 'Total'
    CACHE STAR USING ENFORCED CONSTRAINTS
      NONE"
"SAHIE_INCOME_BAND_AD","
  CREATE OR REPLACE FORCE EDITIONABLE ATTRIBUTE DIMENSION
    ""AV_AI"".""SAHIE_INCOME_BAND_AD""
    DIMENSION TYPE STANDARD
    USING
      ""SMALL_AREA_HEALTH_INSURANCE_ESTIMATES"" AS ""SMALL_AREA_HEALTH_INSURANCE_ESTIMATES""
    ATTRIBUTES (
      ""SMALL_AREA_HEALTH_INSURANCE_ESTIMATES"".""INCOME_BAND"" AS ""INCOME_BAND""
        CLASSIFICATION ""CAPTION"" VALUE 'Income Band')
    LEVEL ""INCOME_BAND""
      LEVEL TYPE STANDARD
      CLASSIFICATION ""CAPTION"" VALUE 'Income Band'
      KEY (""INCOME_BAND"")
      MEMBER NAME TO_CHAR(""INCOME_BAND"")
      MEMBER CAPTION (income_band)
      MEMBER DESCRIPTION (income_band)
      ORDER BY MIN ""INCOME_BAND"" ASC NULLS LAST
    ALL
      MEMBER NAME 'ALL'
      MEMBER CAPTION 'Total'
      MEMBER DESCRIPTION 'Total'
    CACHE STAR USING ENFORCED CONSTRAINTS
      NONE"
"SAHIE_YEAR_AD","
  CREATE OR REPLACE FORCE EDITIONABLE ATTRIBUTE DIMENSION ""AV_AI"".""SAHIE_YEAR_AD""
    DIMENSION TYPE STANDARD
    USING
      ""SMALL_AREA_HEALTH_INSURANCE_ESTIMATES"" AS ""SMALL_AREA_HEALTH_INSURANCE_ESTIMATES""
    ATTRIBUTES (
      ""SMALL_AREA_HEALTH_INSURANCE_ESTIMATES"".""YEAR"" AS ""YEAR""
        CLASSIFICATION ""CAPTION"" VALUE 'Year')
    LEVEL ""YEAR""
      LEVEL TYPE STANDARD
      CLASSIFICATION ""CAPTION"" VALUE 'Year'
      KEY (""YEAR"")
      MEMBER NAME TO_CHAR(""YEAR"")
      MEMBER CAPTION (TO_CHAR(year))
      MEMBER DESCRIPTION (TO_CHAR(year))
      ORDER BY MIN ""YEAR"" ASC NULLS LAST
    ALL
      MEMBER NAME 'ALL'
      MEMBER CAPTION 'Total'
      MEMBER DESCRIPTION 'Total'
    CACHE STAR USING ENFORCED CONSTRAINTS
      NONE"
"UDSA_AGE_AD","
  CREATE OR REPLACE FORCE EDITIONABLE ATTRIBUTE DIMENSION ""AV_AI"".""UDSA_AGE_AD""
    DIMENSION TYPE STANDARD
    CLASSIFICATION ""CAPTION"" VALUE 'Age'
    CLASSIFICATION ""DESCRIPTION"" VALUE 'Age'
    USING ""USDA_COUNTY_POPULATION"" AS ""USDA_COUNTY_POPULATION""
    ATTRIBUTES (
      ""USDA_COUNTY_POPULATION"".""AGE_CODE"" AS ""AGE_CODE""
        CLASSIFICATION ""CAPTION"" VALUE 'Age Code'
        CLASSIFICATION ""DESCRIPTION"" VALUE 'Age Code',
      ""USDA_COUNTY_POPULATION"".""AGE"" AS ""AGE""
        CLASSIFICATION ""CAPTION"" VALUE 'Age'
        CLASSIFICATION ""DESCRIPTION"" VALUE 'Age')
    LEVEL ""AGE""
      LEVEL TYPE STANDARD
      CLASSIFICATION ""CAPTION"" VALUE 'Age'
      CLASSIFICATION ""DESCRIPTION"" VALUE 'Age'
      KEY (""AGE_CODE"")
      MEMBER NAME TO_CHAR(""AGE"")
      MEMBER CAPTION TO_CHAR(""AGE"")
      MEMBER DESCRIPTION TO_CHAR(""AGE"")
      ORDER BY MAX ""AGE_CODE"" ASC NULLS FIRST
      DETERMINES (""AGE"")
    ALL
      MEMBER NAME 'ALL'
      MEMBER CAPTION 'ALL'
      MEMBER DESCRIPTION 'ALL'
    CACHE STAR USING ENFORCED CONSTRAINTS
      NONE"
"UDSA_COUNTIES_AD","
  CREATE OR REPLACE FORCE EDITIONABLE ATTRIBUTE DIMENSION
    ""AV_AI"".""UDSA_COUNTIES_AD""
    DIMENSION TYPE STANDARD
    CLASSIFICATION ""CAPTION"" VALUE 'Counties'
    CLASSIFICATION ""DESCRIPTION"" VALUE 'Counties'
    USING ""USDA_COUNTY_POPULATION"" AS ""USDA_COUNTY_POPULATION""
    ATTRIBUTES (
      ""USDA_COUNTY_POPULATION"".""COUNTY_FIPS_CLASS_CODE"" AS ""COUNTY_FIPS_CLASS_CODE""
        CLASSIFICATION ""CAPTION"" VALUE 'County FIPS Class Code'
        CLASSIFICATION ""DESCRIPTION""
          VALUE 'County Federal Information Standards (FIPS) Class Code',
      ""USDA_COUNTY_POPULATION"".""STATE_NAME"" AS ""STATE_NAME""
        CLASSIFICATION ""CAPTION"" VALUE 'State Name'
        CLASSIFICATION ""DESCRIPTION"" VALUE 'State Name',
      ""USDA_COUNTY_POPULATION"".""STATE"" AS ""STATE""
        CLASSIFICATION ""CAPTION"" VALUE 'State'
        CLASSIFICATION ""DESCRIPTION"" VALUE 'State abbreviation',
      ""USDA_COUNTY_POPULATION"".""COUNTY_NS_CODE"" AS ""COUNTY_NS_CODE""
        CLASSIFICATION ""CAPTION"" VALUE 'County NS Code'
        CLASSIFICATION ""DESCRIPTION"" VALUE 'County Federal NS Code',
      ""USDA_COUNTY_POPULATION"".""COUNTY_NAME"" AS ""COUNTY_NAME""
        CLASSIFICATION ""CAPTION"" VALUE 'County Name'
        CLASSIFICATION ""DESCRIPTION"" VALUE 'County Name',
      ""USDA_COUNTY_POPULATION"".""COUNTY_FIPS"" AS ""COUNTY_FIPS""
        CLASSIFICATION ""CAPTION"" VALUE 'County FIPS'
        CLASSIFICATION ""DESCRIPTION""
          VALUE 'County Federal Information Processing Standards (FIPS) code',
      ""USDA_COUNTY_POPULATION"".""STATE_FIPS"" AS ""STATE_FIPS""
        CLASSIFICATION ""CAPTION"" VALUE 'State FIPS Code'
        CLASSIFICATION ""DESCRIPTION""
          VALUE 'State Federal Information Processing Standards (FIPS) code')
    LEVEL ""STATE""
      LEVEL TYPE STANDARD
      CLASSIFICATION ""CAPTION"" VALUE 'State'
      CLASSIFICATION ""DESCRIPTION"" VALUE 'State'
      KEY (""STATE_FIPS"")
      MEMBER NAME TO_CHAR(""STATE_NAME"")
      MEMBER CAPTION TO_CHAR(""STATE_NAME"")
      MEMBER DESCRIPTION TO_CHAR(""STATE_NAME"")
      ORDER BY MAX ""STATE_FIPS"" ASC NULLS FIRST
      DETERMINES (""STATE"", ""STATE_NAME"")
    LEVEL ""COUNTY""
      LEVEL TYPE STANDARD
      CLASSIFICATION ""CAPTION"" VALUE 'County'
      CLASSIFICATION ""DESCRIPTION"" VALUE 'County'
      KEY (""COUNTY_FIPS"")
      MEMBER NAME TO_CHAR(""COUNTY_NAME"")
      MEMBER CAPTION TO_CHAR(""COUNTY_NAME"")
      MEMBER DESCRIPTION TO_CHAR(""COUNTY_NAME"")
      ORDER BY MAX ""COUNTY_NAME"" ASC NULLS FIRST
      DETERMINES (
        ""STATE_FIPS"",
        ""COUNTY_FIPS_CLASS_CODE"",
        ""COUNTY_NAME"",
        ""COUNTY_NS_CODE"")
    ALL
      MEMBER NAME 'ALL'
      MEMBER CAPTION 'ALL'
      MEMBER DESCRIPTION 'ALL'
    CACHE STAR USING ENFORCED CONSTRAINTS
      NONE"
"UDSA_RACE_AD","
  CREATE OR REPLACE FORCE EDITIONABLE ATTRIBUTE DIMENSION ""AV_AI"".""UDSA_RACE_AD""
    DIMENSION TYPE STANDARD
    CLASSIFICATION ""CAPTION"" VALUE 'Race'
    CLASSIFICATION ""DESCRIPTION"" VALUE 'Race'
    USING ""USDA_COUNTY_POPULATION"" AS ""USDA_COUNTY_POPULATION""
    ATTRIBUTES (
      ""USDA_COUNTY_POPULATION"".""RACE_CODE"" AS ""RACE_CODE""
        CLASSIFICATION ""CAPTION"" VALUE 'Race Code'
        CLASSIFICATION ""DESCRIPTION"" VALUE 'Race Code',
      ""USDA_COUNTY_POPULATION"".""RACE"" AS ""RACE""
        CLASSIFICATION ""CAPTION"" VALUE 'Race'
        CLASSIFICATION ""DESCRIPTION"" VALUE 'Race')
    LEVEL ""RACE""
      LEVEL TYPE STANDARD
      CLASSIFICATION ""CAPTION"" VALUE 'Race'
      CLASSIFICATION ""DESCRIPTION"" VALUE 'Race'
      KEY (""RACE_CODE"")
      MEMBER NAME TO_CHAR(""RACE_CODE"")
      MEMBER CAPTION TO_CHAR(""RACE_CODE"")
      MEMBER DESCRIPTION TO_CHAR(""RACE_CODE"")
      ORDER BY MAX ""RACE_CODE"" ASC NULLS FIRST
      DETERMINES (""RACE"")
    ALL
      MEMBER NAME 'ALL'
      MEMBER CAPTION 'ALL'
      MEMBER DESCRIPTION 'ALL'
    CACHE STAR USING ENFORCED CONSTRAINTS
      NONE"
"UDSA_SEX_AD","
  CREATE OR REPLACE FORCE EDITIONABLE ATTRIBUTE DIMENSION ""AV_AI"".""UDSA_SEX_AD""
    DIMENSION TYPE STANDARD
    CLASSIFICATION ""CAPTION"" VALUE 'Sex'
    CLASSIFICATION ""DESCRIPTION"" VALUE 'Sex'
    USING ""USDA_COUNTY_POPULATION"" AS ""USDA_COUNTY_POPULATION""
    ATTRIBUTES (
      ""USDA_COUNTY_POPULATION"".""SEX_CODE"" AS ""SEX_CODE""
        CLASSIFICATION ""CAPTION"" VALUE 'Sex Code'
        CLASSIFICATION ""DESCRIPTION"" VALUE 'Sex Code',
      ""USDA_COUNTY_POPULATION"".""SEX"" AS ""SEX""
        CLASSIFICATION ""CAPTION"" VALUE 'Sex'
        CLASSIFICATION ""DESCRIPTION"" VALUE 'Sex')
    LEVEL ""SEX""
      LEVEL TYPE STANDARD
      CLASSIFICATION ""CAPTION"" VALUE 'Sex'
      CLASSIFICATION ""DESCRIPTION"" VALUE 'Sex'
      KEY (""SEX_CODE"")
      MEMBER NAME TO_CHAR(""SEX"")
      MEMBER CAPTION TO_CHAR(""SEX"")
      MEMBER DESCRIPTION TO_CHAR(""SEX"")
      ORDER BY MAX ""SEX_CODE"" ASC NULLS FIRST
      DETERMINES (""SEX"")
    ALL
      MEMBER NAME 'ALL'
      MEMBER CAPTION 'ALL'
      MEMBER DESCRIPTION 'ALL'
    CACHE STAR USING ENFORCED CONSTRAINTS
      NONE"
"UDSA_YEAR_AD","
  CREATE OR REPLACE FORCE EDITIONABLE ATTRIBUTE DIMENSION ""AV_AI"".""UDSA_YEAR_AD""
    DIMENSION TYPE STANDARD
    CLASSIFICATION ""CAPTION"" VALUE 'Year'
    CLASSIFICATION ""DESCRIPTION"" VALUE 'Year'
    USING ""USDA_COUNTY_POPULATION"" AS ""USDA_COUNTY_POPULATION""
    ATTRIBUTES (
      ""USDA_COUNTY_POPULATION"".""YEAR"" AS ""YEAR""
        CLASSIFICATION ""CAPTION"" VALUE 'Year'
        CLASSIFICATION ""DESCRIPTION"" VALUE 'Year')
    LEVEL ""YEAR""
      LEVEL TYPE STANDARD
      CLASSIFICATION ""CAPTION"" VALUE 'Year'
      CLASSIFICATION ""DESCRIPTION"" VALUE 'Year'
      KEY (""YEAR"")
      MEMBER NAME TO_CHAR(""YEAR"")
      MEMBER CAPTION TO_CHAR(""YEAR"")
      MEMBER DESCRIPTION TO_CHAR(""YEAR"")
      ORDER BY MAX ""YEAR"" ASC NULLS FIRST
    ALL
      MEMBER NAME 'ALL'
      MEMBER CAPTION 'ALL'
      MEMBER DESCRIPTION 'ALL'
    CACHE STAR USING ENFORCED CONSTRAINTS
      NONE"
