"HIER_NAME","DDL"
"ADB_STO_RECYCLE_BIN_HIER","
  CREATE OR REPLACE FORCE EDITIONABLE HIERARCHY
    ""AV_AI"".""ADB_STO_RECYCLE_BIN_HIER""
    CLASSIFICATION ""CAPTION"" VALUE 'Recycle Bin'
    USING ""ADB_STO_RECYCLE_BIN_AD""
    (""RECYCLE_BIN"")"
"ADB_STO_TABLES_HIER","
  CREATE OR REPLACE FORCE EDITIONABLE HIERARCHY ""AV_AI"".""ADB_STO_TABLES_HIER""
    CLASSIFICATION ""CAPTION"" VALUE 'Tables'
    USING ""ADB_STO_TABLES_AD""
    (""DETAIL_ID""
      CHILD OF ""SEGMENT_ID""
      CHILD OF ""SEGMENT_TYPE_ID""
      CHILD OF ""TABLE_ID""
      CHILD OF ""OWNER"")"
"ADB_STO_TIME_HIER","
  CREATE OR REPLACE FORCE EDITIONABLE HIERARCHY ""AV_AI"".""ADB_STO_TIME_HIER""
    CLASSIFICATION ""CAPTION"" VALUE 'Time'
    CLASSIFICATION ""IS_TIME"" VALUE 'True'
    USING ""ADB_STO_TIME_AD""
    (""COLLECTION_DATE"")"
"ALL_CREATED_TIME_HIER","
  CREATE OR REPLACE FORCE EDITIONABLE HIERARCHY ""AV_AI"".""ALL_CREATED_TIME_HIER""
    CLASSIFICATION ""CAPTION"" VALUE 'Created Time'
    USING ""ALL_CREATED_TIME_AD""
    (""CREATED"" CHILD OF ""CREATED_MONTH"" CHILD OF ""CREATED_YEAR"")"
"ALL_LAST_DDL_TIME_HIER","
  CREATE OR REPLACE FORCE EDITIONABLE HIERARCHY ""AV_AI"".""ALL_LAST_DDL_TIME_HIER""
    CLASSIFICATION ""CAPTION"" VALUE 'Last Ddl Time'
    CLASSIFICATION ""IS_TIME"" VALUE 'True'
    USING ""ALL_LAST_DDL_TIME_AD""
    (""LAST_DDL"" CHILD OF ""LAST_DDL_MONTH"" CHILD OF ""LAST_DDL_YEAR"")"
"ALL_OBJECT_TYPE_HIER","
  CREATE OR REPLACE FORCE EDITIONABLE HIERARCHY ""AV_AI"".""ALL_OBJECT_TYPE_HIER""
    CLASSIFICATION ""CAPTION"" VALUE 'Object Type'
    USING ""ALL_OBJECT_TYPE_AD""
    (""OBJECT_TYPE"")"
"ALL_OWNER_HIER","
  CREATE OR REPLACE FORCE EDITIONABLE HIERARCHY ""AV_AI"".""ALL_OWNER_HIER""
    CLASSIFICATION ""CAPTION"" VALUE 'Owner'
    USING ""ALL_OWNER_AD""
    (""OWNER"")"
"BKS_BLDGAREA_HIER","
  CREATE OR REPLACE FORCE EDITIONABLE HIERARCHY ""AV_AI"".""BKS_BLDGAREA_HIER""
    CLASSIFICATION ""CAPTION"" VALUE 'Building Area'
    USING ""BKS_BLDGAREA_AD""
    (""BLDGAREA"")"
"BKS_BUILDING_CLASS_HIER","
  CREATE OR REPLACE FORCE EDITIONABLE HIERARCHY ""AV_AI"".""BKS_BUILDING_CLASS_HIER""
    CLASSIFICATION ""CAPTION"" VALUE 'Building Class'
    USING ""BKS_BUILDING_CLASS_AD""
    (""BUILDING_CLASS"" CHILD OF ""BUILDING_CLASS_CATEGORY"")"
"BKS_COUNCIL_HIER","
  CREATE OR REPLACE FORCE EDITIONABLE HIERARCHY ""AV_AI"".""BKS_COUNCIL_HIER""
    CLASSIFICATION ""CAPTION"" VALUE 'Council'
    USING ""BKS_COUNCIL_AD""
    (""COUNCIL"")"
"BKS_HISTDIST_HIER","
  CREATE OR REPLACE FORCE EDITIONABLE HIERARCHY ""AV_AI"".""BKS_HISTDIST_HIER""
    CLASSIFICATION ""CAPTION"" VALUE 'Historic District'
    USING ""BKS_HISTDIST_AD""
    (""HISTDIST"")"
"BKS_LANDMARK_HIER","
  CREATE OR REPLACE FORCE EDITIONABLE HIERARCHY ""AV_AI"".""BKS_LANDMARK_HIER""
    CLASSIFICATION ""CAPTION"" VALUE 'Landmark'
    USING ""BKS_LANDMARK_AD""
    (""LANDMARK"")"
"BKS_NEIGHBORHOOD_HIER","
  CREATE OR REPLACE FORCE EDITIONABLE HIERARCHY ""AV_AI"".""BKS_NEIGHBORHOOD_HIER""
    CLASSIFICATION ""CAPTION"" VALUE 'Neighborhood'
    USING ""BKS_NEIGHBORHOOD_AD""
    (""NEIGHBORHOOD"")"
"BKS_OWNERTYPE_HIER","
  CREATE OR REPLACE FORCE EDITIONABLE HIERARCHY ""AV_AI"".""BKS_OWNERTYPE_HIER""
    CLASSIFICATION ""CAPTION"" VALUE 'Ownertype'
    USING ""BKS_OWNERTYPE_AD""
    (""OWNERTYPE"")"
"BKS_POLICEPRCT_HIER","
  CREATE OR REPLACE FORCE EDITIONABLE HIERARCHY ""AV_AI"".""BKS_POLICEPRCT_HIER""
    CLASSIFICATION ""CAPTION"" VALUE 'Policeprct'
    USING ""BKS_POLICEPRCT_AD""
    (""POLICEPRCT"")"
"BKS_SALE_TIME_HIER","
  CREATE OR REPLACE FORCE EDITIONABLE HIERARCHY ""AV_AI"".""BKS_SALE_TIME_HIER""
    CLASSIFICATION ""CAPTION"" VALUE 'Time'
    CLASSIFICATION ""IS_TIME"" VALUE 'True'
    USING ""BKS_SALE_TIME_AD""
    (""SALE_DATE"" CHILD OF ""SALE_MONTH"" CHILD OF ""SALE_YEAR"")"
"BKS_SANITATION_DISTRICT_HIER","
  CREATE OR REPLACE FORCE EDITIONABLE HIERARCHY
    ""AV_AI"".""BKS_SANITATION_DISTRICT_HIER""
    CLASSIFICATION ""CAPTION"" VALUE 'Sanitation District'
    USING ""BKS_SANITATION_DISTRICT_AD""
    (""SANITSUB"" CHILD OF ""SANITDISTR"" CHILD OF ""SANITBORO"")"
"BKS_SCHOOLDIST_HIER","
  CREATE OR REPLACE FORCE EDITIONABLE HIERARCHY ""AV_AI"".""BKS_SCHOOLDIST_HIER""
    CLASSIFICATION ""CAPTION"" VALUE 'School District'
    USING ""BKS_SCHOOLDIST_AD""
    (""SCHOOLDIST"")"
"BKS_SPECIAL_DISTRICT_HIER","
  CREATE OR REPLACE FORCE EDITIONABLE HIERARCHY
    ""AV_AI"".""BKS_SPECIAL_DISTRICT_HIER""
    CLASSIFICATION ""CAPTION"" VALUE 'Special District'
    USING ""BKS_SPECIAL_DISTRICT_AD""
    (""SPDIST1"" CHILD OF ""SPDIST2"" CHILD OF ""SPDIST3"")"
"BKS_YEARBUILT_HIER","
  CREATE OR REPLACE FORCE EDITIONABLE HIERARCHY ""AV_AI"".""BKS_YEARBUILT_HIER""
    CLASSIFICATION ""CAPTION"" VALUE 'Year Built'
    USING ""BKS_YEARBUILT_AD""
    (""YEARBUILT"")"
"BKS_ZIPCODE_HIER","
  CREATE OR REPLACE FORCE EDITIONABLE HIERARCHY ""AV_AI"".""BKS_ZIPCODE_HIER""
    CLASSIFICATION ""CAPTION"" VALUE 'Zip Code'
    USING ""BKS_ZIPCODE_AD""
    (""ZIPCODE"")"
"BKS_ZONEMAP_HIER","
  CREATE OR REPLACE FORCE EDITIONABLE HIERARCHY ""AV_AI"".""BKS_ZONEMAP_HIER""
    CLASSIFICATION ""CAPTION"" VALUE 'Zone Map'
    USING ""BKS_ZONEMAP_AD""
    (""ZONEMAP"")"
"BKS_ZONING_DISTRICT_HIER","
  CREATE OR REPLACE FORCE EDITIONABLE HIERARCHY
    ""AV_AI"".""BKS_ZONING_DISTRICT_HIER""
    CLASSIFICATION ""CAPTION"" VALUE 'Zoning District'
    USING ""BKS_ZONING_DISTRICT_AD""
    (""ZONEDIST1"" CHILD OF ""ZONEDIST2"" CHILD OF ""ZONEDIST3"" CHILD OF ""ZONEDIST4"")"
"CAES_AREA_NAME_HIER","
  CREATE OR REPLACE FORCE EDITIONABLE HIERARCHY ""AV_AI"".""CAES_AREA_NAME_HIER""
    CLASSIFICATION ""CAPTION"" VALUE 'Area Name'
    CLASSIFICATION ""DESCRIPTION"" VALUE 'Area Name'
    USING ""CAES_AREA_NAME_AD""
    (""AREA_NAME"")"
"CAES_AREA_TYPE_HIER","
  CREATE OR REPLACE FORCE EDITIONABLE HIERARCHY ""AV_AI"".""CAES_AREA_TYPE_HIER""
    CLASSIFICATION ""CAPTION"" VALUE 'Area Type'
    CLASSIFICATION ""DESCRIPTION"" VALUE 'Area Type'
    USING ""CAES_AREA_TYPE_AD""
    (""AREA_TYPE"")"
"CAES_INDUSTRY_TITLE_HIER","
  CREATE OR REPLACE FORCE EDITIONABLE HIERARCHY
    ""AV_AI"".""CAES_INDUSTRY_TITLE_HIER""
    CLASSIFICATION ""CAPTION"" VALUE 'Industry Title'
    CLASSIFICATION ""DESCRIPTION"" VALUE 'Industry Title'
    USING ""CAES_INDUSTRY_TITLE_AD""
    (""INDUSTRY_TITLE"")"
"CAES_MONTH_OF_YEAR_HIER","
  CREATE OR REPLACE FORCE EDITIONABLE HIERARCHY ""AV_AI"".""CAES_MONTH_OF_YEAR_HIER""
    CLASSIFICATION ""CAPTION"" VALUE 'Month Of Year'
    CLASSIFICATION ""DESCRIPTION"" VALUE 'Month Of Year'
    USING ""CAES_MONTH_OF_YEAR_AD""
    (""MONTH_OF_YEAR"")"
"CAES_SEASONALLY_ADJUSTED_HIER","
  CREATE OR REPLACE FORCE EDITIONABLE HIERARCHY
    ""AV_AI"".""CAES_SEASONALLY_ADJUSTED_HIER""
    CLASSIFICATION ""CAPTION"" VALUE 'Seasonally Adjusted'
    CLASSIFICATION ""DESCRIPTION"" VALUE 'Seasonally Adjusted'
    USING ""CAES_SEASONALLY_ADJUSTED_AD""
    (""SEASONALLY_ADJUSTED"")"
"CAES_TIME_HIER","
  CREATE OR REPLACE FORCE EDITIONABLE HIERARCHY ""AV_AI"".""CAES_TIME_HIER""
    CLASSIFICATION ""CAPTION"" VALUE 'Time'
    CLASSIFICATION ""DESCRIPTION"" VALUE 'Time'
    CLASSIFICATION ""IS_TIME"" VALUE 'True'
    USING ""CAES_TIME_AD""
    (""MONTH"" CHILD OF ""YEAR"")"
"CB_DAY_OF_WEEK_HIER","
  CREATE OR REPLACE FORCE EDITIONABLE HIERARCHY ""AV_AI"".""CB_DAY_OF_WEEK_HIER""
    CLASSIFICATION ""CAPTION"" VALUE 'Day of Week'
    USING ""CB_DAY_OF_WEEK_AD""
    (""DAY_OF_WEEK"")"
"CB_END_STATION_NAME_HIER","
  CREATE OR REPLACE FORCE EDITIONABLE HIERARCHY
    ""AV_AI"".""CB_END_STATION_NAME_HIER""
    CLASSIFICATION ""CAPTION"" VALUE 'End Station'
    USING ""CB_END_STATION_NAME_AD""
    (""END_STATION_NAME"")"
"CB_GENDER_HIER","
  CREATE OR REPLACE FORCE EDITIONABLE HIERARCHY ""AV_AI"".""CB_GENDER_HIER""
    CLASSIFICATION ""CAPTION"" VALUE 'Gender'
    USING ""CB_GENDER_AD""
    (""GENDER"")"
"CB_MONTH_NUMBER_OF_YEAR_HIER","
  CREATE OR REPLACE FORCE EDITIONABLE HIERARCHY
    ""AV_AI"".""CB_MONTH_NUMBER_OF_YEAR_HIER""
    CLASSIFICATION ""CAPTION"" VALUE 'Month Number of Year'
    USING ""CB_MONTH_NUMBER_OF_YEAR_AD""
    (""MONTH_NUMBER_OF_YEAR"")"
"CB_RIDER_AGE_HIER","
  CREATE OR REPLACE FORCE EDITIONABLE HIERARCHY ""AV_AI"".""CB_RIDER_AGE_HIER""
    CLASSIFICATION ""CAPTION"" VALUE 'Rider Age'
    USING ""CB_RIDER_AGE_AD""
    (""RIDER_AGE"")"
"CB_START_HOUR_OF_DAY_HIER","
  CREATE OR REPLACE FORCE EDITIONABLE HIERARCHY
    ""AV_AI"".""CB_START_HOUR_OF_DAY_HIER""
    CLASSIFICATION ""CAPTION"" VALUE 'Start Hour of Day'
    USING ""CB_START_HOUR_OF_DAY_AD""
    (""START_HOUR_OF_DAY"")"
"CB_START_STATION_NAME_HIER","
  CREATE OR REPLACE FORCE EDITIONABLE HIERARCHY
    ""AV_AI"".""CB_START_STATION_NAME_HIER""
    CLASSIFICATION ""CAPTION"" VALUE 'Start Station Name'
    USING ""CB_START_STATION_NAME_AD""
    (""START_STATION_NAME"")"
"CB_TIME_HIER","
  CREATE OR REPLACE FORCE EDITIONABLE HIERARCHY ""AV_AI"".""CB_TIME_HIER""
    CLASSIFICATION ""CAPTION"" VALUE 'Time'
    CLASSIFICATION ""IS_TIME"" VALUE 'True'
    USING ""CB_TIME_AD""
    (""MONTH"" CHILD OF ""YEAR"")"
"CB_USER_TYPE_HIER","
  CREATE OR REPLACE FORCE EDITIONABLE HIERARCHY ""AV_AI"".""CB_USER_TYPE_HIER""
    CLASSIFICATION ""CAPTION"" VALUE 'User Type'
    USING ""CB_USER_TYPE_AD""
    (""USER_TYPE"")"
"CTF_DUTY_HIER","
  CREATE OR REPLACE FORCE EDITIONABLE HIERARCHY ""AV_AI"".""CTF_DUTY_HIER""
    CLASSIFICATION ""CAPTION"" VALUE 'Duty'
    CLASSIFICATION ""DESCRIPTION"" VALUE 'Duty'
    USING ""CTF_DUTY_AD""
    (""DUTY"")"
"CTF_FUEL_HIER","
  CREATE OR REPLACE FORCE EDITIONABLE HIERARCHY ""AV_AI"".""CTF_FUEL_HIER""
    CLASSIFICATION ""CAPTION"" VALUE 'Fuel'
    CLASSIFICATION ""DESCRIPTION"" VALUE 'Fuel'
    USING ""CTF_FUEL_AD""
    (""FUEL"")"
"CTF_MAKE_HIER","
  CREATE OR REPLACE FORCE EDITIONABLE HIERARCHY ""AV_AI"".""CTF_MAKE_HIER""
    CLASSIFICATION ""CAPTION"" VALUE 'Make'
    CLASSIFICATION ""DESCRIPTION"" VALUE 'Make'
    USING ""CTF_MAKE_AD""
    (""MAKE"")"
"CTF_MODEL_YEAR_HIER","
  CREATE OR REPLACE FORCE EDITIONABLE HIERARCHY ""AV_AI"".""CTF_MODEL_YEAR_HIER""
    CLASSIFICATION ""CAPTION"" VALUE 'Model Year'
    CLASSIFICATION ""DESCRIPTION"" VALUE 'Model Year'
    USING ""CTF_MODEL_YEAR_AD""
    (""MODEL_YEAR"")"
"CTF_YEAR_HIER","
  CREATE OR REPLACE FORCE EDITIONABLE HIERARCHY ""AV_AI"".""CTF_YEAR_HIER""
    CLASSIFICATION ""CAPTION"" VALUE 'Year'
    CLASSIFICATION ""DESCRIPTION"" VALUE 'Year'
    CLASSIFICATION ""IS_TIME"" VALUE 'True'
    USING ""CTF_YEAR_AD""
    (""YEAR"")"
"CTF_ZIP_CODE_HIER","
  CREATE OR REPLACE FORCE EDITIONABLE HIERARCHY ""AV_AI"".""CTF_ZIP_CODE_HIER""
    CLASSIFICATION ""CAPTION"" VALUE 'Zip Code'
    CLASSIFICATION ""DESCRIPTION"" VALUE 'Zip Code'
    USING ""CTF_ZIP_CODE_AD""
    (""ZIP_CODE"")"
"IT_MONTH_NUM_OF_YEAR_HIER","
  CREATE OR REPLACE FORCE EDITIONABLE HIERARCHY
    ""AV_AI"".""IT_MONTH_NUM_OF_YEAR_HIER""
    CLASSIFICATION ""CAPTION"" VALUE 'Month Num Of Year'
    USING ""IT_MONTH_NUM_OF_YEAR_AD""
    (""MONTH_NUM_OF_YEAR"")"
"IT_MONTH_OF_YEAR_HIER","
  CREATE OR REPLACE FORCE EDITIONABLE HIERARCHY ""AV_AI"".""IT_MONTH_OF_YEAR_HIER""
    CLASSIFICATION ""CAPTION"" VALUE 'Month Of Year'
    USING ""IT_MONTH_OF_YEAR_AD""
    (""MONTH_OF_YEAR"")"
"IT_PRICE_COMPONENT_HIER","
  CREATE OR REPLACE FORCE EDITIONABLE HIERARCHY ""AV_AI"".""IT_PRICE_COMPONENT_HIER""
    CLASSIFICATION ""CAPTION"" VALUE 'Price Component'
    USING ""IT_PRICE_COMPONENT_AD""
    (""PRICE_COMPONENT"")"
"IT_PRODUCT_HIER","
  CREATE OR REPLACE FORCE EDITIONABLE HIERARCHY ""AV_AI"".""IT_PRODUCT_HIER""
    CLASSIFICATION ""CAPTION"" VALUE 'Product'
    USING ""IT_PRODUCT_AD""
    (""PRODUCT_NAME"" CHILD OF ""PRODUCT_TYPE"")"
"IT_TIME_HIER","
  CREATE OR REPLACE FORCE EDITIONABLE HIERARCHY ""AV_AI"".""IT_TIME_HIER""
    CLASSIFICATION ""CAPTION"" VALUE 'Time'
    CLASSIFICATION ""IS_TIME"" VALUE 'True'
    USING ""IT_TIME_AD""
    (""SURVEY_DATE"" CHILD OF ""MONTH"" CHILD OF ""QUARTER"" CHILD OF ""YEAR"")"
"MA_MONTH_NUM_OF_YEAR_HIER","
  CREATE OR REPLACE FORCE EDITIONABLE HIERARCHY
    ""AV_AI"".""MA_MONTH_NUM_OF_YEAR_HIER""
    CLASSIFICATION ""CAPTION"" VALUE 'Month Num Of Year'
    USING ""MA_MONTH_NUM_OF_YEAR_AD""
    (""MONTH_NUM_OF_YEAR"")"
"MA_TIME_HIER","
  CREATE OR REPLACE FORCE EDITIONABLE HIERARCHY ""AV_AI"".""MA_TIME_HIER""
    CLASSIFICATION ""CAPTION"" VALUE 'Time'
    CLASSIFICATION ""IS_TIME"" VALUE 'True'
    USING ""MA_TIME_AD""
    (""MONTH"" CHILD OF ""YEAR"")"
"MA_TOWN_HIER","
  CREATE OR REPLACE FORCE EDITIONABLE HIERARCHY ""AV_AI"".""MA_TOWN_HIER""
    CLASSIFICATION ""CAPTION"" VALUE 'Town'
    USING ""MA_TOWN_AD""
    (""TOWN"")"
"MA_WELL_TYPE_HIER","
  CREATE OR REPLACE FORCE EDITIONABLE HIERARCHY ""AV_AI"".""MA_WELL_TYPE_HIER""
    CLASSIFICATION ""CAPTION"" VALUE 'Well Type'
    USING ""MA_WELL_TYPE_AD""
    (""WELL_TYPE"" CHILD OF ""WELL_CATEGORY"")"
"MA_WORK_PERFORMED_HIER","
  CREATE OR REPLACE FORCE EDITIONABLE HIERARCHY ""AV_AI"".""MA_WORK_PERFORMED_HIER""
    CLASSIFICATION ""CAPTION"" VALUE 'Work Performed'
    USING ""MA_WORK_PERFORMED_AD""
    (""WORK_PERFORMED"" CHILD OF ""WORK_PERFORMED_CATEGORY"")"
"NYC_PAY_AGENCY_HIER","
  CREATE OR REPLACE FORCE EDITIONABLE HIERARCHY ""AV_AI"".""NYC_PAY_AGENCY_HIER""
    CLASSIFICATION ""CAPTION"" VALUE 'Agency'
    USING ""NYC_PAY_AGENCY_AD""
    (""NAME_ID"" CHILD OF ""AGENCY_NAME"")"
"NYC_PAY_FISCAL_YEAR_HIER","
  CREATE OR REPLACE FORCE EDITIONABLE HIERARCHY
    ""AV_AI"".""NYC_PAY_FISCAL_YEAR_HIER""
    CLASSIFICATION ""CAPTION"" VALUE 'Fiscal Year'
    CLASSIFICATION ""IS_TIME"" VALUE 'True'
    USING ""NYC_PAY_FISCAL_YEAR_AD""
    (""FISCAL_YEAR"")"
"NYC_PAY_JOB_TITLE_HIER","
  CREATE OR REPLACE FORCE EDITIONABLE HIERARCHY ""AV_AI"".""NYC_PAY_JOB_TITLE_HIER""
    CLASSIFICATION ""CAPTION"" VALUE 'Job Title'
    USING ""NYC_PAY_JOB_TITLE_AD""
    (""JOB_TITLE"")"
"NYC_PAY_LEAVE_STATUS_AS_OF_JUNE_30_HIER","
  CREATE OR REPLACE FORCE EDITIONABLE HIERARCHY
    ""AV_AI"".""NYC_PAY_LEAVE_STATUS_AS_OF_JUNE_30_HIER""
    CLASSIFICATION ""CAPTION"" VALUE 'Leave Status As Of June 30'
    USING ""NYC_PAY_LEAVE_STATUS_AS_OF_JUNE_30_AD""
    (""LEAVE_STATUS_AS_OF_JUNE_30"")"
"NYC_PAY_PAYROLL_NUMBER_HIER","
  CREATE OR REPLACE FORCE EDITIONABLE HIERARCHY
    ""AV_AI"".""NYC_PAY_PAYROLL_NUMBER_HIER""
    CLASSIFICATION ""CAPTION"" VALUE 'Payroll Number'
    USING ""NYC_PAY_PAYROLL_NUMBER_AD""
    (""PAYROLL_NUMBER"")"
"NYC_PAY_PAY_BASIS_HIER","
  CREATE OR REPLACE FORCE EDITIONABLE HIERARCHY ""AV_AI"".""NYC_PAY_PAY_BASIS_HIER""
    CLASSIFICATION ""CAPTION"" VALUE 'Pay Basis'
    USING ""NYC_PAY_PAY_BASIS_AD""
    (""PAY_BASIS"")"
"NYC_PAY_START_MONTH_HIER","
  CREATE OR REPLACE FORCE EDITIONABLE HIERARCHY
    ""AV_AI"".""NYC_PAY_START_MONTH_HIER""
    CLASSIFICATION ""CAPTION"" VALUE 'Start Month'
    USING ""NYC_PAY_START_MONTH_AD""
    (""START_MONTH"")"
"NYC_PAY_START_MONTH_OF_YEAR_HIER","
  CREATE OR REPLACE FORCE EDITIONABLE HIERARCHY
    ""AV_AI"".""NYC_PAY_START_MONTH_OF_YEAR_HIER""
    CLASSIFICATION ""CAPTION"" VALUE 'Start Month Of Year'
    USING ""NYC_PAY_START_MONTH_OF_YEAR_AD""
    (""START_MONTH_OF_YEAR"")"
"NYC_PAY_START_TIME_HIER","
  CREATE OR REPLACE FORCE EDITIONABLE HIERARCHY ""AV_AI"".""NYC_PAY_START_TIME_HIER""
    CLASSIFICATION ""CAPTION"" VALUE 'Start Time'
    USING ""NYC_PAY_START_TIME_AD""
    (""AGENCY_START_DATE"" CHILD OF ""START_YEAR"")"
"NYC_PAY_WORK_LOCATION_BOROUGH_HIER","
  CREATE OR REPLACE FORCE EDITIONABLE HIERARCHY
    ""AV_AI"".""NYC_PAY_WORK_LOCATION_BOROUGH_HIER""
    CLASSIFICATION ""CAPTION"" VALUE 'Work Location Borough'
    USING ""NYC_PAY_WORK_LOCATION_BOROUGH_AD""
    (""WORK_LOCATION_BOROUGH"")"
"NYC_VFH_BASE_NAME_HIER","
  CREATE OR REPLACE FORCE EDITIONABLE HIERARCHY ""AV_AI"".""NYC_VFH_BASE_NAME_HIER""
    CLASSIFICATION ""CAPTION"" VALUE 'Base Name'
    USING ""NYC_VFH_BASE_NAME_AD""
    (""BASE_NAME"")"
"NYC_VFH_BASE_NUMBER_HIER","
  CREATE OR REPLACE FORCE EDITIONABLE HIERARCHY
    ""AV_AI"".""NYC_VFH_BASE_NUMBER_HIER""
    CLASSIFICATION ""CAPTION"" VALUE 'Base Number'
    USING ""NYC_VFH_BASE_NUMBER_AD""
    (""BASE_NUMBER"")"
"NYC_VFH_BASE_TYPE_HIER","
  CREATE OR REPLACE FORCE EDITIONABLE HIERARCHY ""AV_AI"".""NYC_VFH_BASE_TYPE_HIER""
    CLASSIFICATION ""CAPTION"" VALUE 'Base Type'
    USING ""NYC_VFH_BASE_TYPE_AD""
    (""BASE_TYPE"")"
"NYC_VFH_TIME_HIER","
  CREATE OR REPLACE FORCE EDITIONABLE HIERARCHY ""AV_AI"".""NYC_VFH_TIME_HIER""
    CLASSIFICATION ""CAPTION"" VALUE 'Time'
    CLASSIFICATION ""IS_TIME"" VALUE 'True'
    USING ""NYC_VFH_TIME_AD""
    (""EXPIRATION_DATE"" CHILD OF ""EXPIRATION_MONTH"" CHILD OF ""EXPIRATION_YEAR"")"
"NYC_VFH_VEHICLE_YEAR_HIER","
  CREATE OR REPLACE FORCE EDITIONABLE HIERARCHY
    ""AV_AI"".""NYC_VFH_VEHICLE_YEAR_HIER""
    CLASSIFICATION ""CAPTION"" VALUE 'Vehicle Year'
    USING ""NYC_VFH_VEHICLE_YEAR_AD""
    (""VEHICLE_YEAR"")"
"NYC_VFH_VEH_HIER","
  CREATE OR REPLACE FORCE EDITIONABLE HIERARCHY ""AV_AI"".""NYC_VFH_VEH_HIER""
    CLASSIFICATION ""CAPTION"" VALUE 'Veh'
    USING ""NYC_VFH_VEH_AD""
    (""VEH"")"
"NYC_VFH_WHEELCHAIR_ACCESSIBLE_HIER","
  CREATE OR REPLACE FORCE EDITIONABLE HIERARCHY
    ""AV_AI"".""NYC_VFH_WHEELCHAIR_ACCESSIBLE_HIER""
    CLASSIFICATION ""CAPTION"" VALUE 'Wheelchair Accessible'
    USING ""NYC_VFH_WHEELCHAIR_ACCESSIBLE_AD""
    (""WHEELCHAIR_ACCESSIBLE"")"
"NYPD_SHOOT_BOROUGH_HIER","
  CREATE OR REPLACE FORCE EDITIONABLE HIERARCHY ""AV_AI"".""NYPD_SHOOT_BOROUGH_HIER""
    CLASSIFICATION ""CAPTION"" VALUE 'Borough'
    USING ""NYPD_SHOOT_BOROUGH_AD""
    (""BOROUGH"")"
"NYPD_SHOOT_HOUR_OF_DAY_HIER","
  CREATE OR REPLACE FORCE EDITIONABLE HIERARCHY
    ""AV_AI"".""NYPD_SHOOT_HOUR_OF_DAY_HIER""
    CLASSIFICATION ""CAPTION"" VALUE 'Hour Of Day'
    USING ""NYPD_SHOOT_HOUR_OF_DAY_AD""
    (""HOUR_OF_DAY"")"
"NYPD_SHOOT_INSIDE_OUTSIDE_HIER","
  CREATE OR REPLACE FORCE EDITIONABLE HIERARCHY
    ""AV_AI"".""NYPD_SHOOT_INSIDE_OUTSIDE_HIER""
    CLASSIFICATION ""CAPTION"" VALUE 'Inside Outside'
    USING ""NYPD_SHOOT_INSIDE_OUTSIDE_AD""
    (""INSIDE_OUTSIDE"")"
"NYPD_SHOOT_JURISDICTION_CODE_HIER","
  CREATE OR REPLACE FORCE EDITIONABLE HIERARCHY
    ""AV_AI"".""NYPD_SHOOT_JURISDICTION_CODE_HIER""
    CLASSIFICATION ""CAPTION"" VALUE 'Jurisdiction Code'
    USING ""NYPD_SHOOT_JURISDICTION_CODE_AD""
    (""JURISDICTION_CODE"")"
"NYPD_SHOOT_LOCATION_CLASS_HIER","
  CREATE OR REPLACE FORCE EDITIONABLE HIERARCHY
    ""AV_AI"".""NYPD_SHOOT_LOCATION_CLASS_HIER""
    CLASSIFICATION ""CAPTION"" VALUE 'Location Class'
    USING ""NYPD_SHOOT_LOCATION_CLASS_AD""
    (""LOCATION_CLASS"")"
"NYPD_SHOOT_LOCATION_TYPE_HIER","
  CREATE OR REPLACE FORCE EDITIONABLE HIERARCHY
    ""AV_AI"".""NYPD_SHOOT_LOCATION_TYPE_HIER""
    CLASSIFICATION ""CAPTION"" VALUE 'Location Type'
    USING ""NYPD_SHOOT_LOCATION_TYPE_AD""
    (""LOCATION_TYPE"")"
"NYPD_SHOOT_MONTH_OF_YEAR_HIER","
  CREATE OR REPLACE FORCE EDITIONABLE HIERARCHY
    ""AV_AI"".""NYPD_SHOOT_MONTH_OF_YEAR_HIER""
    CLASSIFICATION ""CAPTION"" VALUE 'Month Of Year'
    USING ""NYPD_SHOOT_MONTH_OF_YEAR_AD""
    (""MONTH_OF_YEAR"")"
"NYPD_SHOOT_PERPETRATOR_AGE_GROUP_HIER","
  CREATE OR REPLACE FORCE EDITIONABLE HIERARCHY
    ""AV_AI"".""NYPD_SHOOT_PERPETRATOR_AGE_GROUP_HIER""
    CLASSIFICATION ""CAPTION"" VALUE 'Perpetrator Age Group'
    USING ""NYPD_SHOOT_PERPETRATOR_AGE_GROUP_AD""
    (""PERPETRATOR_AGE_GROUP"")"
"NYPD_SHOOT_PERPETRATOR_RACE_HIER","
  CREATE OR REPLACE FORCE EDITIONABLE HIERARCHY
    ""AV_AI"".""NYPD_SHOOT_PERPETRATOR_RACE_HIER""
    CLASSIFICATION ""CAPTION"" VALUE 'Perpetrator Race'
    USING ""NYPD_SHOOT_PERPETRATOR_RACE_AD""
    (""PERPETRATOR_RACE"")"
"NYPD_SHOOT_PERPETRATOR_SEX_HIER","
  CREATE OR REPLACE FORCE EDITIONABLE HIERARCHY
    ""AV_AI"".""NYPD_SHOOT_PERPETRATOR_SEX_HIER""
    CLASSIFICATION ""CAPTION"" VALUE 'Perpetrator Sex'
    USING ""NYPD_SHOOT_PERPETRATOR_SEX_AD""
    (""PERPETRATOR_SEX"")"
"NYPD_SHOOT_PRECINCT_HIER","
  CREATE OR REPLACE FORCE EDITIONABLE HIERARCHY
    ""AV_AI"".""NYPD_SHOOT_PRECINCT_HIER""
    CLASSIFICATION ""CAPTION"" VALUE 'Precinct'
    USING ""NYPD_SHOOT_PRECINCT_AD""
    (""PRECINCT"")"
"NYPD_SHOOT_STATISTICAL_MURDER_FLAG_HIER","
  CREATE OR REPLACE FORCE EDITIONABLE HIERARCHY
    ""AV_AI"".""NYPD_SHOOT_STATISTICAL_MURDER_FLAG_HIER""
    CLASSIFICATION ""CAPTION"" VALUE 'Statistical Murder Flag'
    USING ""NYPD_SHOOT_STATISTICAL_MURDER_FLAG_AD""
    (""STATISTICAL_MURDER_FLAG"")"
"NYPD_SHOOT_TIME_HIER","
  CREATE OR REPLACE FORCE EDITIONABLE HIERARCHY ""AV_AI"".""NYPD_SHOOT_TIME_HIER""
    CLASSIFICATION ""CAPTION"" VALUE 'Time'
    CLASSIFICATION ""DESCRIPTION"" VALUE 'Time'
    CLASSIFICATION ""IS_TIME"" VALUE 'True'
    USING ""NYPD_SHOOT_TIME_AD""
    (""OCCURANCE_DATE"" CHILD OF ""MONTH"")"
"NYPD_SHOOT_VICTIM_AGE_GROUP_HIER","
  CREATE OR REPLACE FORCE EDITIONABLE HIERARCHY
    ""AV_AI"".""NYPD_SHOOT_VICTIM_AGE_GROUP_HIER""
    CLASSIFICATION ""CAPTION"" VALUE 'Victim Age Group'
    USING ""NYPD_SHOOT_VICTIM_AGE_GROUP_AD""
    (""VICTIM_AGE_GROUP"")"
"NYPD_SHOOT_VICTIM_RACE_HIER","
  CREATE OR REPLACE FORCE EDITIONABLE HIERARCHY
    ""AV_AI"".""NYPD_SHOOT_VICTIM_RACE_HIER""
    CLASSIFICATION ""CAPTION"" VALUE 'Victim Race'
    USING ""NYPD_SHOOT_VICTIM_RACE_AD""
    (""VICTIM_RACE"")"
"NYPD_SHOOT_VICTIM_SEX_HIER","
  CREATE OR REPLACE FORCE EDITIONABLE HIERARCHY
    ""AV_AI"".""NYPD_SHOOT_VICTIM_SEX_HIER""
    CLASSIFICATION ""CAPTION"" VALUE 'Victim Sex'
    USING ""NYPD_SHOOT_VICTIM_SEX_AD""
    (""VICTIM_SEX"")"
"NYS_FP_CATEGORY_HIER","
  CREATE OR REPLACE FORCE EDITIONABLE HIERARCHY ""AV_AI"".""NYS_FP_CATEGORY_HIER""
    CLASSIFICATION ""CAPTION"" VALUE 'Financial Plan Category'
    CLASSIFICATION ""DESCRIPTION"" VALUE 'Financial Plan Category'
    USING ""NYS_FP_CATEGORY_AD""
    (""FINANCIAL_PLAN_CATEGORY"")"
"NYS_FUNCTION_HIER","
  CREATE OR REPLACE FORCE EDITIONABLE HIERARCHY ""AV_AI"".""NYS_FUNCTION_HIER""
    CLASSIFICATION ""CAPTION"" VALUE 'Function'
    CLASSIFICATION ""DESCRIPTION"" VALUE 'Function'
    USING ""NYS_FUNCTION_AD""
    (""AGENCY"" CHILD OF ""FUNCTION"")"
"NYS_FUND_HIER","
  CREATE OR REPLACE FORCE EDITIONABLE HIERARCHY ""AV_AI"".""NYS_FUND_HIER""
    CLASSIFICATION ""CAPTION"" VALUE 'Fund'
    CLASSIFICATION ""DESCRIPTION"" VALUE 'Fund'
    USING ""NYS_FUND_AD""
    (""SUBFUND"" CHILD OF ""FUND"" CHILD OF ""FUND_TYPE"")"
"NYS_YEAR_HIER","
  CREATE OR REPLACE FORCE EDITIONABLE HIERARCHY ""AV_AI"".""NYS_YEAR_HIER""
    CLASSIFICATION ""CAPTION"" VALUE 'Year'
    CLASSIFICATION ""DESCRIPTION"" VALUE 'Year'
    CLASSIFICATION ""IS_TIME"" VALUE 'True'
    USING ""NYS_YEAR_AD""
    (""YEAR"")"
"OBS_DAY_OF_YEAR_HIER","
  CREATE OR REPLACE FORCE EDITIONABLE HIERARCHY ""AV_AI"".""OBS_DAY_OF_YEAR_HIER""
    CLASSIFICATION ""CAPTION"" VALUE 'Day of Year'
    CLASSIFICATION ""DESCRIPTION"" VALUE 'Day of Year'
    USING ""OBS_DAY_OF_YEAR_AD""
    (""DAY_OF_YEAR"")"
"OBS_HOUR_OF_DAY_HIER","
  CREATE OR REPLACE FORCE EDITIONABLE HIERARCHY ""AV_AI"".""OBS_HOUR_OF_DAY_HIER""
    CLASSIFICATION ""CAPTION"" VALUE 'Hour of Day'
    CLASSIFICATION ""DESCRIPTION"" VALUE 'Hour of Day'
    USING ""OBS_HOUR_OF_DAY_AD""
    (""HOUR_OF_DAY"")"
"OBS_MINUTE_OF_DAY_HIER","
  CREATE OR REPLACE FORCE EDITIONABLE HIERARCHY ""AV_AI"".""OBS_MINUTE_OF_DAY_HIER""
    CLASSIFICATION ""CAPTION"" VALUE 'Minute of Day'
    CLASSIFICATION ""DESCRIPTION"" VALUE 'Minute of Day'
    USING ""OBS_MINUTE_OF_DAY_AD""
    (""MINUTE_OF_DAY"")"
"OBS_MONTH_OF_YEAR_HIER","
  CREATE OR REPLACE FORCE EDITIONABLE HIERARCHY ""AV_AI"".""OBS_MONTH_OF_YEAR_HIER""
    CLASSIFICATION ""CAPTION"" VALUE 'Month of Year'
    CLASSIFICATION ""DESCRIPTION"" VALUE 'Month of Year'
    USING ""OBS_MONTH_OF_YEAR_AD""
    (""MONTH_OF_YEAR"")"
"OBS_STATION_TIMESTAMP_HIER","
  CREATE OR REPLACE FORCE EDITIONABLE HIERARCHY
    ""AV_AI"".""OBS_STATION_TIMESTAMP_HIER""
    CLASSIFICATION ""CAPTION"" VALUE 'Station Timestamp'
    CLASSIFICATION ""DESCRIPTION"" VALUE 'Station Timestamp'
    USING ""OBS_STATION_TIMESTAMP_AD""
    (""STATION_TIMESTAMP"")"
"OBS_TIME_HIER","
  CREATE OR REPLACE FORCE EDITIONABLE HIERARCHY ""AV_AI"".""OBS_TIME_HIER""
    CLASSIFICATION ""CAPTION"" VALUE 'Time'
    CLASSIFICATION ""DESCRIPTION"" VALUE 'Time'
    CLASSIFICATION ""IS_TIME"" VALUE 'True'
    USING ""OBS_TIME_AD""
    (""MINUTE"" CHILD OF ""HOUR"" CHILD OF ""DAY"" CHILD OF ""MONTH"" CHILD OF ""YEAR"")"
"OBS_TIME_STAMP_HIER","
  CREATE OR REPLACE FORCE EDITIONABLE HIERARCHY ""AV_AI"".""OBS_TIME_STAMP_HIER""
    CLASSIFICATION ""CAPTION"" VALUE 'Time Stamp  (Epoch)'
    CLASSIFICATION ""DESCRIPTION"" VALUE 'Time Stamp  (Epoch)'
    USING ""OBS_TIME_STAMP_AD""
    (""TIME_STAMP"")"
"OTP_ARRIVAL_DELAY_GROUP_HIER","
  CREATE OR REPLACE FORCE EDITIONABLE HIERARCHY
    ""AV_AI"".""OTP_ARRIVAL_DELAY_GROUP_HIER""
    CLASSIFICATION ""CAPTION"" VALUE 'Arrival Delay Group'
    USING ""OTP_ARRIVAL_DELAY_GROUP_AD""
    (""ARRIVAL_DELAY_GROUP"")"
"OTP_ARRIVAL_STATUS_HIER","
  CREATE OR REPLACE FORCE EDITIONABLE HIERARCHY ""AV_AI"".""OTP_ARRIVAL_STATUS_HIER""
    CLASSIFICATION ""CAPTION"" VALUE 'Arrival Status'
    USING ""OTP_ARRIVAL_STATUS_AD""
    (""ARRIVAL_STATUS"")"
"OTP_DAY_OF_WEEK_HIER","
  CREATE OR REPLACE FORCE EDITIONABLE HIERARCHY ""AV_AI"".""OTP_DAY_OF_WEEK_HIER""
    CLASSIFICATION ""CAPTION"" VALUE 'Day Of Week'
    USING ""OTP_DAY_OF_WEEK_AD""
    (""DAY_OF_WEEK"")"
"OTP_DEPARTURE_DELAY_GROUP_HIER","
  CREATE OR REPLACE FORCE EDITIONABLE HIERARCHY
    ""AV_AI"".""OTP_DEPARTURE_DELAY_GROUP_HIER""
    CLASSIFICATION ""CAPTION"" VALUE 'Departure Delay Group'
    USING ""OTP_DEPARTURE_DELAY_GROUP_AD""
    (""DEPARTURE_DELAY_GROUP"")"
"OTP_DEPARTURE_STATUS_HIER","
  CREATE OR REPLACE FORCE EDITIONABLE HIERARCHY
    ""AV_AI"".""OTP_DEPARTURE_STATUS_HIER""
    CLASSIFICATION ""CAPTION"" VALUE 'Departure Status'
    USING ""OTP_DEPARTURE_STATUS_AD""
    (""DEPARTURE_STATUS"")"
"OTP_DESTINATION_CITY_MARKET_HIER","
  CREATE OR REPLACE FORCE EDITIONABLE HIERARCHY
    ""AV_AI"".""OTP_DESTINATION_CITY_MARKET_HIER""
    CLASSIFICATION ""CAPTION"" VALUE 'Destination City Market'
    USING ""OTP_DESTINATION_CITY_MARKET_AD""
    (""DESTINATION_CITY_MARKET"")"
"OTP_DESTINATION_HIER","
  CREATE OR REPLACE FORCE EDITIONABLE HIERARCHY ""AV_AI"".""OTP_DESTINATION_HIER""
    CLASSIFICATION ""CAPTION"" VALUE 'Destination'
    USING ""OTP_DESTINATION_AD""
    (""DESTINATION_AIRPORT""
      CHILD OF ""DESTINATION_CITY""
      CHILD OF ""DESTINATION_STATE"")"
"OTP_ORIGIN_CITY_MARKET_HIER","
  CREATE OR REPLACE FORCE EDITIONABLE HIERARCHY
    ""AV_AI"".""OTP_ORIGIN_CITY_MARKET_HIER""
    CLASSIFICATION ""CAPTION"" VALUE 'Origin City Market'
    USING ""OTP_ORIGIN_CITY_MARKET_AD""
    (""ORIGIN_CITY_MARKET"")"
"OTP_ORIGIN_HIER","
  CREATE OR REPLACE FORCE EDITIONABLE HIERARCHY ""AV_AI"".""OTP_ORIGIN_HIER""
    CLASSIFICATION ""CAPTION"" VALUE 'Origin'
    USING ""OTP_ORIGIN_AD""
    (""ORIGIN_AIRPORT"" CHILD OF ""ORIGIN_CITY"" CHILD OF ""ORIGIN_STATE"")"
"OTP_REPORTING_AIRLINE_HIER","
  CREATE OR REPLACE FORCE EDITIONABLE HIERARCHY
    ""AV_AI"".""OTP_REPORTING_AIRLINE_HIER""
    CLASSIFICATION ""CAPTION"" VALUE 'Reporting Airline'
    USING ""OTP_REPORTING_AIRLINE_AD""
    (""REPORTING_AIRLINE"")"
"OTP_SCHEDULED_ARRIVAL_HOUR_HIER","
  CREATE OR REPLACE FORCE EDITIONABLE HIERARCHY
    ""AV_AI"".""OTP_SCHEDULED_ARRIVAL_HOUR_HIER""
    CLASSIFICATION ""CAPTION"" VALUE 'Scheduled Arrival Hour'
    USING ""OTP_SCHEDULED_ARRIVAL_HOUR_AD""
    (""SCHEDULED_ARRIVAL_HOUR"")"
"OTP_SCHEDULED_DEPARTURE_HOUR_HIER","
  CREATE OR REPLACE FORCE EDITIONABLE HIERARCHY
    ""AV_AI"".""OTP_SCHEDULED_DEPARTURE_HOUR_HIER""
    CLASSIFICATION ""CAPTION"" VALUE 'Scheduled Departure Hour'
    USING ""OTP_SCHEDULED_DEPARTURE_HOUR_AD""
    (""SCHEDULED_DEPARTURE_HOUR"")"
"OTP_TIME_HIER","
  CREATE OR REPLACE FORCE EDITIONABLE HIERARCHY ""AV_AI"".""OTP_TIME_HIER""
    CLASSIFICATION ""CAPTION"" VALUE 'Time'
    CLASSIFICATION ""IS_TIME"" VALUE 'True'
    USING ""OTP_TIME_AD""
    (""FLIGHT_DATE"" CHILD OF ""MONTH"" CHILD OF ""QUARTER"" CHILD OF ""YEAR"")"
"SAHIE_AGE_BAND_HIER","
  CREATE OR REPLACE FORCE EDITIONABLE HIERARCHY ""AV_AI"".""SAHIE_AGE_BAND_HIER""
    CLASSIFICATION ""CAPTION"" VALUE 'Age Band'
    USING ""SAHIE_AGE_BAND_AD""
    (""AGE_BAND"")"
"SAHIE_GENDER_HIER","
  CREATE OR REPLACE FORCE EDITIONABLE HIERARCHY ""AV_AI"".""SAHIE_GENDER_HIER""
    CLASSIFICATION ""CAPTION"" VALUE 'Gender'
    USING ""SAHIE_GENDER_AD""
    (""GENDER"")"
"SAHIE_GEOGRAPHY_HIER","
  CREATE OR REPLACE FORCE EDITIONABLE HIERARCHY ""AV_AI"".""SAHIE_GEOGRAPHY_HIER""
    CLASSIFICATION ""CAPTION"" VALUE 'Geography'
    USING ""SAHIE_GEOGRAPHY_AD""
    (""COUNTY"" CHILD OF ""STATE"")"
"SAHIE_INCOME_BAND_HIER","
  CREATE OR REPLACE FORCE EDITIONABLE HIERARCHY ""AV_AI"".""SAHIE_INCOME_BAND_HIER""
    CLASSIFICATION ""CAPTION"" VALUE 'Income Band'
    USING ""SAHIE_INCOME_BAND_AD""
    (""INCOME_BAND"")"
"SAHIE_YEAR_HIER","
  CREATE OR REPLACE FORCE EDITIONABLE HIERARCHY ""AV_AI"".""SAHIE_YEAR_HIER""
    CLASSIFICATION ""CAPTION"" VALUE 'Year'
    CLASSIFICATION ""IS_TIME"" VALUE 'True'
    USING ""SAHIE_YEAR_AD""
    (""YEAR"")"
"UDSA_AGE","
  CREATE OR REPLACE FORCE EDITIONABLE HIERARCHY ""AV_AI"".""UDSA_AGE""
    CLASSIFICATION ""CAPTION"" VALUE 'Age'
    CLASSIFICATION ""DESCRIPTION"" VALUE 'Age'
    USING ""UDSA_AGE_AD""
    (""AGE"")"
"UDSA_COUNTIES","
  CREATE OR REPLACE FORCE EDITIONABLE HIERARCHY ""AV_AI"".""UDSA_COUNTIES""
    CLASSIFICATION ""CAPTION"" VALUE 'Counties'
    CLASSIFICATION ""DESCRIPTION"" VALUE 'Counties'
    USING ""UDSA_COUNTIES_AD""
    (""COUNTY"" CHILD OF ""STATE"")"
"UDSA_RACE","
  CREATE OR REPLACE FORCE EDITIONABLE HIERARCHY ""AV_AI"".""UDSA_RACE""
    CLASSIFICATION ""CAPTION"" VALUE 'Race'
    CLASSIFICATION ""DESCRIPTION"" VALUE 'Race'
    USING ""UDSA_RACE_AD""
    (""RACE"")"
"UDSA_SEX","
  CREATE OR REPLACE FORCE EDITIONABLE HIERARCHY ""AV_AI"".""UDSA_SEX""
    CLASSIFICATION ""CAPTION"" VALUE 'Sex'
    CLASSIFICATION ""DESCRIPTION"" VALUE 'Sex'
    USING ""UDSA_SEX_AD""
    (""SEX"")"
"UDSA_YEAR","
  CREATE OR REPLACE FORCE EDITIONABLE HIERARCHY ""AV_AI"".""UDSA_YEAR""
    CLASSIFICATION ""CAPTION"" VALUE 'Year'
    CLASSIFICATION ""DESCRIPTION"" VALUE 'Year'
    CLASSIFICATION ""IS_TIME"" VALUE 'True'
    USING ""UDSA_YEAR_AD""
    (""YEAR"")"
